vehicle,intersection_id,departure_s,arrival_s,state
1,S1,4033.5,4258.757142857143,green
1,S2,4033.5,4222.757142857143,green
1,S3,4033.5,4169.271428571428,green
1,S4,4033.5,4140.471428571429,green
1,S5,4033.5,4077.7285714285713,green
1,S6,4033.5,4033.5,green
2,S1,4173.5,4398.757142857143,green
2,S2,4173.5,4362.757142857143,green
2,S3,4173.5,4309.271428571428,green
2,S4,4173.5,4280.471428571429,green
2,S5,4173.5,4217.728571428572,green
2,S6,4173.5,4173.5,green
3,S1,4313.5,4538.757142857143,green
3,S2,4313.5,4502.757142857143,green
3,S3,4313.5,4449.271428571428,green
3,S4,4313.5,4420.471428571429,green
3,S5,4313.5,4357.728571428572,green
3,S6,4313.5,4313.5,green
4,S1,4453.5,4678.757142857143,green
4,S2,4453.5,4642.757142857143,green
4,S3,4453.5,4589.271428571428,green
4,S4,4453.5,4560.471428571429,green
4,S5,4453.5,4497.728571428572,green
4,S6,4453.5,4453.5,green
5,S1,4593.5,4818.757142857143,green
5,S2,4593.5,4782.757142857143,green
5,S3,4593.5,4729.271428571428,green
5,S4,4593.5,4700.471428571429,green
5,S5,4593.5,4637.728571428572,green
5,S6,4593.5,4593.5,green
6,S1,4733.5,4958.757142857143,green
6,S2,4733.5,4922.757142857143,green
6,S3,4733.5,4869.271428571428,green
6,S4,4733.5,4840.471428571429,green
6,S5,4733.5,4777.728571428572,green
6,S6,4733.5,4733.5,green
7,S1,4873.5,5098.757142857143,green
7,S2,4873.5,5062.757142857143,green
7,S3,4873.5,5009.271428571428,green
7,S4,4873.5,4980.471428571429,green
7,S5,4873.5,4917.728571428572,green
7,S6,4873.5,4873.5,green
8,S1,5013.5,5238.757142857143,green
8,S2,5013.5,5202.757142857143,green
8,S3,5013.5,5149.271428571428,green
8,S4,5013.5,5120.471428571429,green
8,S5,5013.5,5057.728571428572,green
8,S6,5013.5,5013.5,green
