intersection_id,state,start_s,end_s,duration_s,stages,left_censored,right_censored
S1,green,0,60,60,wave_A,0,0
S1,yellow,60,63,3,wave_A,0,0
S1,red,63,140,77,wave_A,0,0
S1,green,140,200,60,wave_A,0,0
S1,yellow,200,203,3,wave_A,0,0
S1,red,203,280,77,wave_A,0,0
S1,green,280,340,60,wave_A,0,0
S1,yellow,340,343,3,wave_A,0,0
S1,red,343,420,77,wave_A,0,0
S1,green,420,480,60,wave_A,0,0
S1,yellow,480,483,3,wave_A,0,0
S1,red,483,560,77,wave_A,0,0
S1,green,560,620,60,wave_A,0,0
S1,yellow,620,623,3,wave_A,0,0
S1,red,623,700,77,wave_A,0,0
S1,green,700,759,59,wave_A,0,0
S1,yellow,759,762,3,wave_A,0,0
S1,red,762,840,78,wave_A,0,0
S1,green,840,898,58,wave_A,0,0
S1,yellow,898,901,3,wave_A,0,0
S1,red,901,980,79,wave_A,0,0
S1,green,980,1038,58,wave_A,0,0
S1,yellow,1038,1041,3,wave_A,0,0
S1,red,1041,1120,79,wave_A,0,0
S1,green,1120,1178,58,wave_A,0,0
S1,yellow,1178,1181,3,wave_A,0,0
S1,red,1181,1260,79,wave_A,0,0
S1,green,1260,1318,58,wave_A,0,0
S1,yellow,1318,1321,3,wave_A,0,0
S1,red,1321,1400,79,wave_A,0,0
S1,green,1400,1458,58,wave_A,0,0
S1,yellow,1458,1461,3,wave_A,0,0
S1,red,1461,1540,79,wave_A,0,0
S1,green,1540,1598,58,wave_A,0,0
S1,yellow,1598,1601,3,wave_A,0,0
S1,red,1601,1680,79,wave_A,0,0
S1,green,1680,1738,58,wave_A,0,0
S1,yellow,1738,1741,3,wave_A,0,0
S1,red,1741,1820,79,wave_A,0,0
S1,green,1820,1878,58,wave_A,0,0
S1,yellow,1878,1881,3,wave_A,0,0
S1,red,1881,1960,79,wave_A,0,0
S1,green,1960,2018,58,wave_A,0,0
S1,yellow,2018,2021,3,wave_A,0,0
S1,red,2021,2100,79,wave_A,0,0
S1,green,2100,2158,58,wave_A,0,0
S1,yellow,2158,2161,3,wave_A,0,0
S1,red,2161,2240,79,wave_A,0,0
S1,green,2240,2298,58,wave_A,0,0
S1,yellow,2298,2301,3,wave_A,0,0
S1,red,2301,2380,79,wave_A,0,0
S1,green,2380,2438,58,wave_A,0,0
S1,yellow,2438,2441,3,wave_A,0,0
S1,red,2441,2520,79,wave_A,0,0
S1,green,2520,2578,58,wave_A,0,0
S1,yellow,2578,2581,3,wave_A,0,0
S1,red,2581,2660,79,wave_A,0,0
S1,green,2660,2718,58,wave_A,0,0
S1,yellow,2718,2721,3,wave_A,0,0
S1,red,2721,2800,79,wave_A,0,0
S1,green,2800,2858,58,wave_A,0,0
S1,yellow,2858,2861,3,wave_A,0,0
S1,red,2861,2940,79,wave_A,0,0
S1,green,2940,2998,58,wave_A,0,0
S1,yellow,2998,3001,3,wave_A,0,0
S1,red,3001,3080,79,wave_A,0,0
S1,green,3080,3138,58,wave_A,0,0
S1,yellow,3138,3141,3,wave_A,0,0
S1,red,3141,3220,79,wave_A,0,0
S1,green,3220,3278,58,wave_A,0,0
S1,yellow,3278,3281,3,wave_A,0,0
S1,red,3281,3360,79,wave_A,0,0
S1,green,3360,3418,58,wave_A,0,0
S1,yellow,3418,3421,3,wave_A,0,0
S1,red,3421,3500,79,wave_A,0,0
S1,green,3500,3558,58,wave_A,0,0
S1,yellow,3558,3561,3,wave_A,0,0
S1,red,3561,3640,79,wave_A,0,0
S1,green,3640,3698,58,wave_A,0,0
S1,yellow,3698,3701,3,wave_A,0,0
S1,red,3701,3780,79,wave_A,0,0
S1,green,3780,3838,58,wave_A,0,0
S1,yellow,3838,3841,3,wave_A,0,0
S1,red,3841,3920,79,wave_A,0,0
S1,green,3920,3978,58,wave_A,0,0
S1,yellow,3978,3981,3,wave_A,0,0
S1,red,3981,4060,79,wave_A,0,0
S1,green,4060,4118,58,wave_A,0,0
S1,yellow,4118,4121,3,wave_A,0,0
S1,red,4121,4200,79,wave_A,0,0
S1,green,4200,4258,58,wave_A,0,0
S1,yellow,4258,4261,3,wave_A,0,0
S1,red,4261,4340,79,wave_A,0,0
S1,green,4340,4398,58,wave_A,0,0
S1,yellow,4398,4401,3,wave_A,0,0
S1,red,4401,4480,79,wave_A,0,0
S1,green,4480,4538,58,wave_A,0,0
S1,yellow,4538,4541,3,wave_A,0,0
S1,red,4541,4620,79,wave_A,0,0
S1,green,4620,4678,58,wave_A,0,0
S1,yellow,4678,4681,3,wave_A,0,0
S1,red,4681,4760,79,wave_A,0,0
S1,green,4760,4818,58,wave_A,0,0
S1,yellow,4818,4821,3,wave_A,0,0
S1,red,4821,4900,79,wave_A,0,0
S1,green,4900,4958,58,wave_A,0,0
S1,yellow,4958,4961,3,wave_A,0,0
S1,red,4961,5040,79,wave_A,0,0
S1,green,5040,5098,58,wave_A,0,0
S1,yellow,5098,5101,3,wave_A,0,0
S1,red,5101,5180,79,wave_A,0,0
S1,green,5180,5238,58,wave_A,0,0
S1,yellow,5238,5241,3,wave_A,0,0
S1,red,5241,5320,79,wave_A,0,0
S1,green,5320,5378,58,wave_A,0,0
S1,yellow,5378,5381,3,wave_A,0,0
S1,red,5381,5460,79,wave_A,0,0
S1,green,5460,5518,58,wave_A,0,0
S1,yellow,5518,5521,3,wave_A,0,0
S1,red,5521,5600,79,wave_A,0,0
S1,green,5600,5658,58,wave_A,0,0
S1,yellow,5658,5661,3,wave_A,0,0
S1,red,5661,5740,79,wave_A,0,0
S1,green,5740,5798,58,wave_A,0,0
S1,yellow,5798,5801,3,wave_A,0,0
S1,red,5801,5880,79,wave_A,0,0
S1,green,5880,5938,58,wave_A,0,0
S1,yellow,5938,5941,3,wave_A,0,0
S1,red,5941,6020,79,wave_A,0,0
S1,green,6020,6078,58,wave_A,0,0
S1,yellow,6078,6081,3,wave_A,0,0
S1,red,6081,6160,79,wave_A,0,0
S1,green,6160,6218,58,wave_A,0,0
S1,yellow,6218,6221,3,wave_A,0,0
S1,red,6221,6300,79,wave_A,0,0
S1,green,6300,6358,58,wave_A,0,0
S1,yellow,6358,6361,3,wave_A,0,0
S1,red,6361,6440,79,wave_A,0,0
S1,green,6440,6498,58,wave_A,0,0
S1,yellow,6498,6501,3,wave_A,0,0
S1,red,6501,6580,79,wave_A,0,0
S1,green,6580,6638,58,wave_A,0,0
S1,yellow,6638,6641,3,wave_A,0,0
S1,red,6641,6720,79,wave_A,0,0
S1,green,6720,6778,58,wave_A,0,0
S1,yellow,6778,6781,3,wave_A,0,0
S1,red,6781,6860,79,wave_A,0,0
S1,green,6860,6918,58,wave_A,0,0
S1,yellow,6918,6921,3,wave_A,0,0
S1,red,6921,7000,79,wave_A,0,0
S1,green,7000,7058,58,wave_A,0,0
S1,yellow,7058,7061,3,wave_A,0,0
S1,red,7061,7140,79,wave_A,0,0
S1,green,7140,7198,58,wave_A,0,0
S1,yellow,7198,7201,3,wave_A,0,0
S1,red,7201,7280,79,wave_A,0,0
S2,red,0,18,18,wave_A,1,0
S2,green,18,58,40,wave_A,0,0
S2,yellow,58,61,3,wave_A,0,0
S2,red,61,158,97,wave_A,0,0
S2,green,158,198,40,wave_A,0,0
S2,yellow,198,201,3,wave_A,0,0
S2,red,201,298,97,wave_A,0,0
S2,green,298,338,40,wave_A,0,0
S2,yellow,338,341,3,wave_A,0,0
S2,red,341,438,97,wave_A,0,0
S2,green,438,478,40,wave_A,0,0
S2,yellow,478,481,3,wave_A,0,0
S2,red,481,578,97,wave_A,0,0
S2,green,578,619,41,wave_A,0,0
S2,yellow,619,622,3,wave_A,0,0
S2,red,622,718,96,wave_A,0,0
S2,green,718,760,42,wave_A,0,0
S2,yellow,760,763,3,wave_A,0,0
S2,red,763,858,95,wave_A,0,0
S2,green,858,901,43,wave_A,0,0
S2,yellow,901,904,3,wave_A,0,0
S2,red,904,998,94,wave_A,0,0
S2,green,998,1041,43,wave_A,0,0
S2,yellow,1041,1044,3,wave_A,0,0
S2,red,1044,1138,94,wave_A,0,0
S2,green,1138,1181,43,wave_A,0,0
S2,yellow,1181,1184,3,wave_A,0,0
S2,red,1184,1278,94,wave_A,0,0
S2,green,1278,1321,43,wave_A,0,0
S2,yellow,1321,1324,3,wave_A,0,0
S2,red,1324,1418,94,wave_A,0,0
S2,green,1418,1461,43,wave_A,0,0
S2,yellow,1461,1464,3,wave_A,0,0
S2,red,1464,1558,94,wave_A,0,0
S2,green,1558,1601,43,wave_A,0,0
S2,yellow,1601,1604,3,wave_A,0,0
S2,red,1604,1698,94,wave_A,0,0
S2,green,1698,1741,43,wave_A,0,0
S2,yellow,1741,1744,3,wave_A,0,0
S2,red,1744,1838,94,wave_A,0,0
S2,green,1838,1881,43,wave_A,0,0
S2,yellow,1881,1884,3,wave_A,0,0
S2,red,1884,1978,94,wave_A,0,0
S2,green,1978,2021,43,wave_A,0,0
S2,yellow,2021,2024,3,wave_A,0,0
S2,red,2024,2118,94,wave_A,0,0
S2,green,2118,2161,43,wave_A,0,0
S2,yellow,2161,2164,3,wave_A,0,0
S2,red,2164,2258,94,wave_A,0,0
S2,green,2258,2301,43,wave_A,0,0
S2,yellow,2301,2304,3,wave_A,0,0
S2,red,2304,2398,94,wave_A,0,0
S2,green,2398,2441,43,wave_A,0,0
S2,yellow,2441,2444,3,wave_A,0,0
S2,red,2444,2538,94,wave_A,0,0
S2,green,2538,2581,43,wave_A,0,0
S2,yellow,2581,2584,3,wave_A,0,0
S2,red,2584,2678,94,wave_A,0,0
S2,green,2678,2721,43,wave_A,0,0
S2,yellow,2721,2724,3,wave_A,0,0
S2,red,2724,2818,94,wave_A,0,0
S2,green,2818,2861,43,wave_A,0,0
S2,yellow,2861,2864,3,wave_A,0,0
S2,red,2864,2958,94,wave_A,0,0
S2,green,2958,3001,43,wave_A,0,0
S2,yellow,3001,3004,3,wave_A,0,0
S2,red,3004,3098,94,wave_A,0,0
S2,green,3098,3141,43,wave_A,0,0
S2,yellow,3141,3144,3,wave_A,0,0
S2,red,3144,3238,94,wave_A,0,0
S2,green,3238,3281,43,wave_A,0,0
S2,yellow,3281,3284,3,wave_A,0,0
S2,red,3284,3378,94,wave_A,0,0
S2,green,3378,3421,43,wave_A,0,0
S2,yellow,3421,3424,3,wave_A,0,0
S2,red,3424,3518,94,wave_A,0,0
S2,green,3518,3561,43,wave_A,0,0
S2,yellow,3561,3564,3,wave_A,0,0
S2,red,3564,3658,94,wave_A,0,0
S2,green,3658,3701,43,wave_A,0,0
S2,yellow,3701,3704,3,wave_A,0,0
S2,red,3704,3798,94,wave_A,0,0
S2,green,3798,3841,43,wave_A,0,0
S2,yellow,3841,3844,3,wave_A,0,0
S2,red,3844,3938,94,wave_A,0,0
S2,green,3938,3981,43,wave_A,0,0
S2,yellow,3981,3984,3,wave_A,0,0
S2,red,3984,4078,94,wave_A,0,0
S2,green,4078,4121,43,wave_A,0,0
S2,yellow,4121,4124,3,wave_A,0,0
S2,red,4124,4218,94,wave_A,0,0
S2,green,4218,4261,43,wave_A,0,0
S2,yellow,4261,4264,3,wave_A,0,0
S2,red,4264,4358,94,wave_A,0,0
S2,green,4358,4401,43,wave_A,0,0
S2,yellow,4401,4404,3,wave_A,0,0
S2,red,4404,4498,94,wave_A,0,0
S2,green,4498,4541,43,wave_A,0,0
S2,yellow,4541,4544,3,wave_A,0,0
S2,red,4544,4638,94,wave_A,0,0
S2,green,4638,4681,43,wave_A,0,0
S2,yellow,4681,4684,3,wave_A,0,0
S2,red,4684,4778,94,wave_A,0,0
S2,green,4778,4821,43,wave_A,0,0
S2,yellow,4821,4824,3,wave_A,0,0
S2,red,4824,4918,94,wave_A,0,0
S2,green,4918,4961,43,wave_A,0,0
S2,yellow,4961,4964,3,wave_A,0,0
S2,red,4964,5058,94,wave_A,0,0
S2,green,5058,5101,43,wave_A,0,0
S2,yellow,5101,5104,3,wave_A,0,0
S2,red,5104,5198,94,wave_A,0,0
S2,green,5198,5241,43,wave_A,0,0
S2,yellow,5241,5244,3,wave_A,0,0
S2,red,5244,5338,94,wave_A,0,0
S2,green,5338,5381,43,wave_A,0,0
S2,yellow,5381,5384,3,wave_A,0,0
S2,red,5384,5478,94,wave_A,0,0
S2,green,5478,5521,43,wave_A,0,0
S2,yellow,5521,5524,3,wave_A,0,0
S2,red,5524,5618,94,wave_A,0,0
S2,green,5618,5661,43,wave_A,0,0
S2,yellow,5661,5664,3,wave_A,0,0
S2,red,5664,5758,94,wave_A,0,0
S2,green,5758,5801,43,wave_A,0,0
S2,yellow,5801,5804,3,wave_A,0,0
S2,red,5804,5898,94,wave_A,0,0
S2,green,5898,5941,43,wave_A,0,0
S2,yellow,5941,5944,3,wave_A,0,0
S2,red,5944,6038,94,wave_A,0,0
S2,green,6038,6081,43,wave_A,0,0
S2,yellow,6081,6084,3,wave_A,0,0
S2,red,6084,6178,94,wave_A,0,0
S2,green,6178,6221,43,wave_A,0,0
S2,yellow,6221,6224,3,wave_A,0,0
S2,red,6224,6318,94,wave_A,0,0
S2,green,6318,6361,43,wave_A,0,0
S2,yellow,6361,6364,3,wave_A,0,0
S2,red,6364,6458,94,wave_A,0,0
S2,green,6458,6501,43,wave_A,0,0
S2,yellow,6501,6504,3,wave_A,0,0
S2,red,6504,6598,94,wave_A,0,0
S2,green,6598,6641,43,wave_A,0,0
S2,yellow,6641,6644,3,wave_A,0,0
S2,red,6644,6738,94,wave_A,0,0
S2,green,6738,6781,43,wave_A,0,0
S2,yellow,6781,6784,3,wave_A,0,0
S2,red,6784,6878,94,wave_A,0,0
S2,green,6878,6921,43,wave_A,0,0
S2,yellow,6921,6924,3,wave_A,0,0
S2,red,6924,7018,94,wave_A,0,0
S2,green,7018,7061,43,wave_A,0,0
S2,yellow,7061,7064,3,wave_A,0,0
S2,red,7064,7158,94,wave_A,0,0
S2,green,7158,7201,43,wave_A,0,0
S2,yellow,7201,7204,3,wave_A,0,0
S2,red,7204,7280,76,wave_A,0,1
S3,red,0,45,45,wave_A,1,0
S3,green,45,100,55,wave_A,0,0
S3,yellow,100,103,3,wave_A,0,0
S3,red,103,185,82,wave_A,0,0
S3,green,185,240,55,wave_A,0,0
S3,yellow,240,243,3,wave_A,0,0
S3,red,243,325,82,wave_A,0,0
S3,green,325,380,55,wave_A,0,0
S3,yellow,380,383,3,wave_A,0,0
S3,red,383,465,82,wave_A,0,0
S3,green,465,520,55,wave_A,0,0
S3,yellow,520,523,3,wave_A,0,0
S3,red,523,605,82,wave_A,0,0
S3,green,605,660,55,wave_A,0,0
S3,yellow,660,663,3,wave_A,0,0
S3,red,663,745,82,wave_A,0,0
S3,green,745,800,55,wave_A,0,0
S3,yellow,800,803,3,wave_A,0,0
S3,red,803,885,82,wave_A,0,0
S3,green,885,939,54,wave_A,0,0
S3,yellow,939,942,3,wave_A,0,0
S3,red,942,1025,83,wave_A,0,0
S3,green,1025,1079,54,wave_A,0,0
S3,yellow,1079,1082,3,wave_A,0,0
S3,red,1082,1165,83,wave_A,0,0
S3,green,1165,1219,54,wave_A,0,0
S3,yellow,1219,1222,3,wave_A,0,0
S3,red,1222,1305,83,wave_A,0,0
S3,green,1305,1359,54,wave_A,0,0
S3,yellow,1359,1362,3,wave_A,0,0
S3,red,1362,1445,83,wave_A,0,0
S3,green,1445,1499,54,wave_A,0,0
S3,yellow,1499,1502,3,wave_A,0,0
S3,red,1502,1585,83,wave_A,0,0
S3,green,1585,1639,54,wave_A,0,0
S3,yellow,1639,1642,3,wave_A,0,0
S3,red,1642,1725,83,wave_A,0,0
S3,green,1725,1779,54,wave_A,0,0
S3,yellow,1779,1782,3,wave_A,0,0
S3,red,1782,1865,83,wave_A,0,0
S3,green,1865,1919,54,wave_A,0,0
S3,yellow,1919,1922,3,wave_A,0,0
S3,red,1922,2005,83,wave_A,0,0
S3,green,2005,2059,54,wave_A,0,0
S3,yellow,2059,2062,3,wave_A,0,0
S3,red,2062,2145,83,wave_A,0,0
S3,green,2145,2199,54,wave_A,0,0
S3,yellow,2199,2202,3,wave_A,0,0
S3,red,2202,2285,83,wave_A,0,0
S3,green,2285,2339,54,wave_A,0,0
S3,yellow,2339,2342,3,wave_A,0,0
S3,red,2342,2425,83,wave_A,0,0
S3,green,2425,2479,54,wave_A,0,0
S3,yellow,2479,2482,3,wave_A,0,0
S3,red,2482,2565,83,wave_A,0,0
S3,green,2565,2619,54,wave_A,0,0
S3,yellow,2619,2622,3,wave_A,0,0
S3,red,2622,2705,83,wave_A,0,0
S3,green,2705,2759,54,wave_A,0,0
S3,yellow,2759,2762,3,wave_A,0,0
S3,red,2762,2845,83,wave_A,0,0
S3,green,2845,2899,54,wave_A,0,0
S3,yellow,2899,2902,3,wave_A,0,0
S3,red,2902,2985,83,wave_A,0,0
S3,green,2985,3039,54,wave_A,0,0
S3,yellow,3039,3042,3,wave_A,0,0
S3,red,3042,3125,83,wave_A,0,0
S3,green,3125,3179,54,wave_A,0,0
S3,yellow,3179,3182,3,wave_A,0,0
S3,red,3182,3265,83,wave_A,0,0
S3,green,3265,3319,54,wave_A,0,0
S3,yellow,3319,3322,3,wave_A,0,0
S3,red,3322,3405,83,wave_A,0,0
S3,green,3405,3459,54,wave_A,0,0
S3,yellow,3459,3462,3,wave_A,0,0
S3,red,3462,3545,83,wave_A,0,0
S3,green,3545,3599,54,wave_A,0,0
S3,yellow,3599,3602,3,wave_A,0,0
S3,red,3602,3685,83,wave_A,0,0
S3,green,3685,3739,54,wave_A,0,0
S3,yellow,3739,3742,3,wave_A,0,0
S3,red,3742,3825,83,wave_A,0,0
S3,green,3825,3879,54,wave_A,0,0
S3,yellow,3879,3882,3,wave_A,0,0
S3,red,3882,3965,83,wave_A,0,0
S3,green,3965,4019,54,wave_A,0,0
S3,yellow,4019,4022,3,wave_A,0,0
S3,red,4022,4105,83,wave_A,0,0
S3,green,4105,4159,54,wave_A,0,0
S3,yellow,4159,4162,3,wave_A,0,0
S3,red,4162,4245,83,wave_A,0,0
S3,green,4245,4299,54,wave_A,0,0
S3,yellow,4299,4302,3,wave_A,0,0
S3,red,4302,4385,83,wave_A,0,0
S3,green,4385,4439,54,wave_A,0,0
S3,yellow,4439,4442,3,wave_A,0,0
S3,red,4442,4525,83,wave_A,0,0
S3,green,4525,4579,54,wave_A,0,0
S3,yellow,4579,4582,3,wave_A,0,0
S3,red,4582,4665,83,wave_A,0,0
S3,green,4665,4719,54,wave_A,0,0
S3,yellow,4719,4722,3,wave_A,0,0
S3,red,4722,4805,83,wave_A,0,0
S3,green,4805,4859,54,wave_A,0,0
S3,yellow,4859,4862,3,wave_A,0,0
S3,red,4862,4945,83,wave_A,0,0
S3,green,4945,4999,54,wave_A,0,0
S3,yellow,4999,5002,3,wave_A,0,0
S3,red,5002,5085,83,wave_A,0,0
S3,green,5085,5139,54,wave_A,0,0
S3,yellow,5139,5142,3,wave_A,0,0
S3,red,5142,5225,83,wave_A,0,0
S3,green,5225,5279,54,wave_A,0,0
S3,yellow,5279,5282,3,wave_A,0,0
S3,red,5282,5365,83,wave_A,0,0
S3,green,5365,5419,54,wave_A,0,0
S3,yellow,5419,5422,3,wave_A,0,0
S3,red,5422,5505,83,wave_A,0,0
S3,green,5505,5559,54,wave_A,0,0
S3,yellow,5559,5562,3,wave_A,0,0
S3,red,5562,5645,83,wave_A,0,0
S3,green,5645,5699,54,wave_A,0,0
S3,yellow,5699,5702,3,wave_A,0,0
S3,red,5702,5785,83,wave_A,0,0
S3,green,5785,5839,54,wave_A,0,0
S3,yellow,5839,5842,3,wave_A,0,0
S3,red,5842,5925,83,wave_A,0,0
S3,green,5925,5979,54,wave_A,0,0
S3,yellow,5979,5982,3,wave_A,0,0
S3,red,5982,6065,83,wave_A,0,0
S3,green,6065,6119,54,wave_A,0,0
S3,yellow,6119,6122,3,wave_A,0,0
S3,red,6122,6205,83,wave_A,0,0
S3,green,6205,6259,54,wave_A,0,0
S3,yellow,6259,6262,3,wave_A,0,0
S3,red,6262,6345,83,wave_A,0,0
S3,green,6345,6399,54,wave_A,0,0
S3,yellow,6399,6402,3,wave_A,0,0
S3,red,6402,6485,83,wave_A,0,0
S3,green,6485,6539,54,wave_A,0,0
S3,yellow,6539,6542,3,wave_A,0,0
S3,red,6542,6625,83,wave_A,0,0
S3,green,6625,6679,54,wave_A,0,0
S3,yellow,6679,6682,3,wave_A,0,0
S3,red,6682,6765,83,wave_A,0,0
S3,green,6765,6819,54,wave_A,0,0
S3,yellow,6819,6822,3,wave_A,0,0
S3,red,6822,6905,83,wave_A,0,0
S3,green,6905,6959,54,wave_A,0,0
S3,yellow,6959,6962,3,wave_A,0,0
S3,red,6962,7045,83,wave_A,0,0
S3,green,7045,7099,54,wave_A,0,0
S3,yellow,7099,7102,3,wave_A,0,0
S3,red,7102,7185,83,wave_A,0,0
S3,green,7185,7239,54,wave_A,0,0
S3,yellow,7239,7242,3,wave_A,0,0
S3,red,7242,7280,38,wave_A,0,1
S4,red,0,59,59,wave_A,1,0
S4,green,59,112,53,wave_A,0,0
S4,yellow,112,115,3,wave_A,0,0
S4,red,115,199,84,wave_A,0,0
S4,green,199,252,53,wave_A,0,0
S4,yellow,252,255,3,wave_A,0,0
S4,red,255,339,84,wave_A,0,0
S4,green,339,392,53,wave_A,0,0
S4,yellow,392,395,3,wave_A,0,0
S4,red,395,479,84,wave_A,0,0
S4,green,479,532,53,wave_A,0,0
S4,yellow,532,535,3,wave_A,0,0
S4,red,535,619,84,wave_A,0,0
S4,green,619,672,53,wave_A,0,0
S4,yellow,672,675,3,wave_A,0,0
S4,red,675,759,84,wave_A,0,0
S4,green,759,812,53,wave_A,0,0
S4,yellow,812,815,3,wave_A,0,0
S4,red,815,899,84,wave_A,0,0
S4,green,899,953,54,wave_A,0,0
S4,yellow,953,956,3,wave_A,0,0
S4,red,956,1039,83,wave_A,0,0
S4,green,1039,1093,54,wave_A,0,0
S4,yellow,1093,1096,3,wave_A,0,0
S4,red,1096,1179,83,wave_A,0,0
S4,green,1179,1233,54,wave_A,0,0
S4,yellow,1233,1236,3,wave_A,0,0
S4,red,1236,1319,83,wave_A,0,0
S4,green,1319,1373,54,wave_A,0,0
S4,yellow,1373,1376,3,wave_A,0,0
S4,red,1376,1459,83,wave_A,0,0
S4,green,1459,1513,54,wave_A,0,0
S4,yellow,1513,1516,3,wave_A,0,0
S4,red,1516,1599,83,wave_A,0,0
S4,green,1599,1653,54,wave_A,0,0
S4,yellow,1653,1656,3,wave_A,0,0
S4,red,1656,1739,83,wave_A,0,0
S4,green,1739,1793,54,wave_A,0,0
S4,yellow,1793,1796,3,wave_A,0,0
S4,red,1796,1879,83,wave_A,0,0
S4,green,1879,1933,54,wave_A,0,0
S4,yellow,1933,1936,3,wave_A,0,0
S4,red,1936,2019,83,wave_A,0,0
S4,green,2019,2073,54,wave_A,0,0
S4,yellow,2073,2076,3,wave_A,0,0
S4,red,2076,2159,83,wave_A,0,0
S4,green,2159,2213,54,wave_A,0,0
S4,yellow,2213,2216,3,wave_A,0,0
S4,red,2216,2299,83,wave_A,0,0
S4,green,2299,2353,54,wave_A,0,0
S4,yellow,2353,2356,3,wave_A,0,0
S4,red,2356,2439,83,wave_A,0,0
S4,green,2439,2493,54,wave_A,0,0
S4,yellow,2493,2496,3,wave_A,0,0
S4,red,2496,2579,83,wave_A,0,0
S4,green,2579,2633,54,wave_A,0,0
S4,yellow,2633,2636,3,wave_A,0,0
S4,red,2636,2719,83,wave_A,0,0
S4,green,2719,2773,54,wave_A,0,0
S4,yellow,2773,2776,3,wave_A,0,0
S4,red,2776,2859,83,wave_A,0,0
S4,green,2859,2913,54,wave_A,0,0
S4,yellow,2913,2916,3,wave_A,0,0
S4,red,2916,2999,83,wave_A,0,0
S4,green,2999,3053,54,wave_A,0,0
S4,yellow,3053,3056,3,wave_A,0,0
S4,red,3056,3139,83,wave_A,0,0
S4,green,3139,3193,54,wave_A,0,0
S4,yellow,3193,3196,3,wave_A,0,0
S4,red,3196,3279,83,wave_A,0,0
S4,green,3279,3333,54,wave_A,0,0
S4,yellow,3333,3336,3,wave_A,0,0
S4,red,3336,3419,83,wave_A,0,0
S4,green,3419,3473,54,wave_A,0,0
S4,yellow,3473,3476,3,wave_A,0,0
S4,red,3476,3559,83,wave_A,0,0
S4,green,3559,3613,54,wave_A,0,0
S4,yellow,3613,3616,3,wave_A,0,0
S4,red,3616,3699,83,wave_A,0,0
S4,green,3699,3753,54,wave_A,0,0
S4,yellow,3753,3756,3,wave_A,0,0
S4,red,3756,3839,83,wave_A,0,0
S4,green,3839,3893,54,wave_A,0,0
S4,yellow,3893,3896,3,wave_A,0,0
S4,red,3896,3979,83,wave_A,0,0
S4,green,3979,4033,54,wave_A,0,0
S4,yellow,4033,4036,3,wave_A,0,0
S4,red,4036,4119,83,wave_A,0,0
S4,green,4119,4173,54,wave_A,0,0
S4,yellow,4173,4176,3,wave_A,0,0
S4,red,4176,4259,83,wave_A,0,0
S4,green,4259,4313,54,wave_A,0,0
S4,yellow,4313,4316,3,wave_A,0,0
S4,red,4316,4399,83,wave_A,0,0
S4,green,4399,4453,54,wave_A,0,0
S4,yellow,4453,4456,3,wave_A,0,0
S4,red,4456,4539,83,wave_A,0,0
S4,green,4539,4593,54,wave_A,0,0
S4,yellow,4593,4596,3,wave_A,0,0
S4,red,4596,4679,83,wave_A,0,0
S4,green,4679,4733,54,wave_A,0,0
S4,yellow,4733,4736,3,wave_A,0,0
S4,red,4736,4819,83,wave_A,0,0
S4,green,4819,4873,54,wave_A,0,0
S4,yellow,4873,4876,3,wave_A,0,0
S4,red,4876,4959,83,wave_A,0,0
S4,green,4959,5013,54,wave_A,0,0
S4,yellow,5013,5016,3,wave_A,0,0
S4,red,5016,5099,83,wave_A,0,0
S4,green,5099,5153,54,wave_A,0,0
S4,yellow,5153,5156,3,wave_A,0,0
S4,red,5156,5239,83,wave_A,0,0
S4,green,5239,5293,54,wave_A,0,0
S4,yellow,5293,5296,3,wave_A,0,0
S4,red,5296,5379,83,wave_A,0,0
S4,green,5379,5433,54,wave_A,0,0
S4,yellow,5433,5436,3,wave_A,0,0
S4,red,5436,5519,83,wave_A,0,0
S4,green,5519,5573,54,wave_A,0,0
S4,yellow,5573,5576,3,wave_A,0,0
S4,red,5576,5659,83,wave_A,0,0
S4,green,5659,5713,54,wave_A,0,0
S4,yellow,5713,5716,3,wave_A,0,0
S4,red,5716,5799,83,wave_A,0,0
S4,green,5799,5853,54,wave_A,0,0
S4,yellow,5853,5856,3,wave_A,0,0
S4,red,5856,5939,83,wave_A,0,0
S4,green,5939,5993,54,wave_A,0,0
S4,yellow,5993,5996,3,wave_A,0,0
S4,red,5996,6079,83,wave_A,0,0
S4,green,6079,6133,54,wave_A,0,0
S4,yellow,6133,6136,3,wave_A,0,0
S4,red,6136,6219,83,wave_A,0,0
S4,green,6219,6273,54,wave_A,0,0
S4,yellow,6273,6276,3,wave_A,0,0
S4,red,6276,6359,83,wave_A,0,0
S4,green,6359,6413,54,wave_A,0,0
S4,yellow,6413,6416,3,wave_A,0,0
S4,red,6416,6499,83,wave_A,0,0
S4,green,6499,6553,54,wave_A,0,0
S4,yellow,6553,6556,3,wave_A,0,0
S4,red,6556,6639,83,wave_A,0,0
S4,green,6639,6693,54,wave_A,0,0
S4,yellow,6693,6696,3,wave_A,0,0
S4,red,6696,6779,83,wave_A,0,0
S4,green,6779,6833,54,wave_A,0,0
S4,yellow,6833,6836,3,wave_A,0,0
S4,red,6836,6919,83,wave_A,0,0
S4,green,6919,6973,54,wave_A,0,0
S4,yellow,6973,6976,3,wave_A,0,0
S4,red,6976,7059,83,wave_A,0,0
S4,green,7059,7113,54,wave_A,0,0
S4,yellow,7113,7116,3,wave_A,0,0
S4,red,7116,7199,83,wave_A,0,0
S4,green,7199,7253,54,wave_A,0,0
S4,yellow,7253,7256,3,wave_A,0,0
S4,red,7256,7280,24,wave_A,0,1
S5,red,0,91,91,wave_A,1,0
S5,green,91,134,43,wave_A,0,0
S5,yellow,134,137,3,wave_A,0,0
S5,red,137,231,94,wave_A,0,0
S5,green,231,274,43,wave_A,0,0
S5,yellow,274,277,3,wave_A,0,0
S5,red,277,371,94,wave_A,0,0
S5,green,371,414,43,wave_A,0,0
S5,yellow,414,417,3,wave_A,0,0
S5,red,417,511,94,wave_A,0,0
S5,green,511,554,43,wave_A,0,0
S5,yellow,554,557,3,wave_A,0,0
S5,red,557,651,94,wave_A,0,0
S5,green,651,694,43,wave_A,0,0
S5,yellow,694,697,3,wave_A,0,0
S5,red,697,791,94,wave_A,0,0
S5,green,791,834,43,wave_A,0,0
S5,yellow,834,837,3,wave_A,0,0
S5,red,837,931,94,wave_A,0,0
S5,green,931,974,43,wave_A,0,0
S5,yellow,974,977,3,wave_A,0,0
S5,red,977,1071,94,wave_A,0,0
S5,green,1071,1114,43,wave_A,0,0
S5,yellow,1114,1117,3,wave_A,0,0
S5,red,1117,1211,94,wave_A,0,0
S5,green,1211,1254,43,wave_A,0,0
S5,yellow,1254,1257,3,wave_A,0,0
S5,red,1257,1351,94,wave_A,0,0
S5,green,1351,1394,43,wave_A,0,0
S5,yellow,1394,1397,3,wave_A,0,0
S5,red,1397,1491,94,wave_A,0,0
S5,green,1491,1534,43,wave_A,0,0
S5,yellow,1534,1537,3,wave_A,0,0
S5,red,1537,1631,94,wave_A,0,0
S5,green,1631,1674,43,wave_A,0,0
S5,yellow,1674,1677,3,wave_A,0,0
S5,red,1677,1771,94,wave_A,0,0
S5,green,1771,1814,43,wave_A,0,0
S5,yellow,1814,1817,3,wave_A,0,0
S5,red,1817,1911,94,wave_A,0,0
S5,green,1911,1954,43,wave_A,0,0
S5,yellow,1954,1957,3,wave_A,0,0
S5,red,1957,2051,94,wave_A,0,0
S5,green,2051,2094,43,wave_A,0,0
S5,yellow,2094,2097,3,wave_A,0,0
S5,red,2097,2191,94,wave_A,0,0
S5,green,2191,2234,43,wave_A,0,0
S5,yellow,2234,2237,3,wave_A,0,0
S5,red,2237,2331,94,wave_A,0,0
S5,green,2331,2374,43,wave_A,0,0
S5,yellow,2374,2377,3,wave_A,0,0
S5,red,2377,2471,94,wave_A,0,0
S5,green,2471,2514,43,wave_A,0,0
S5,yellow,2514,2517,3,wave_A,0,0
S5,red,2517,2611,94,wave_A,0,0
S5,green,2611,2654,43,wave_A,0,0
S5,yellow,2654,2657,3,wave_A,0,0
S5,red,2657,2751,94,wave_A,0,0
S5,green,2751,2794,43,wave_A,0,0
S5,yellow,2794,2797,3,wave_A,0,0
S5,red,2797,2891,94,wave_A,0,0
S5,green,2891,2934,43,wave_A,0,0
S5,yellow,2934,2937,3,wave_A,0,0
S5,red,2937,3031,94,wave_A,0,0
S5,green,3031,3074,43,wave_A,0,0
S5,yellow,3074,3077,3,wave_A,0,0
S5,red,3077,3171,94,wave_A,0,0
S5,green,3171,3214,43,wave_A,0,0
S5,yellow,3214,3217,3,wave_A,0,0
S5,red,3217,3311,94,wave_A,0,0
S5,green,3311,3354,43,wave_A,0,0
S5,yellow,3354,3357,3,wave_A,0,0
S5,red,3357,3451,94,wave_A,0,0
S5,green,3451,3494,43,wave_A,0,0
S5,yellow,3494,3497,3,wave_A,0,0
S5,red,3497,3591,94,wave_A,0,0
S5,green,3591,3634,43,wave_A,0,0
S5,yellow,3634,3637,3,wave_A,0,0
S5,red,3637,3731,94,wave_A,0,0
S5,green,3731,3774,43,wave_A,0,0
S5,yellow,3774,3777,3,wave_A,0,0
S5,red,3777,3871,94,wave_A,0,0
S5,green,3871,3914,43,wave_A,0,0
S5,yellow,3914,3917,3,wave_A,0,0
S5,red,3917,4011,94,wave_A,0,0
S5,green,4011,4054,43,wave_A,0,0
S5,yellow,4054,4057,3,wave_A,0,0
S5,red,4057,4151,94,wave_A,0,0
S5,green,4151,4194,43,wave_A,0,0
S5,yellow,4194,4197,3,wave_A,0,0
S5,red,4197,4291,94,wave_A,0,0
S5,green,4291,4334,43,wave_A,0,0
S5,yellow,4334,4337,3,wave_A,0,0
S5,red,4337,4431,94,wave_A,0,0
S5,green,4431,4474,43,wave_A,0,0
S5,yellow,4474,4477,3,wave_A,0,0
S5,red,4477,4571,94,wave_A,0,0
S5,green,4571,4614,43,wave_A,0,0
S5,yellow,4614,4617,3,wave_A,0,0
S5,red,4617,4711,94,wave_A,0,0
S5,green,4711,4754,43,wave_A,0,0
S5,yellow,4754,4757,3,wave_A,0,0
S5,red,4757,4851,94,wave_A,0,0
S5,green,4851,4894,43,wave_A,0,0
S5,yellow,4894,4897,3,wave_A,0,0
S5,red,4897,4991,94,wave_A,0,0
S5,green,4991,5034,43,wave_A,0,0
S5,yellow,5034,5037,3,wave_A,0,0
S5,red,5037,5131,94,wave_A,0,0
S5,green,5131,5174,43,wave_A,0,0
S5,yellow,5174,5177,3,wave_A,0,0
S5,red,5177,5271,94,wave_A,0,0
S5,green,5271,5314,43,wave_A,0,0
S5,yellow,5314,5317,3,wave_A,0,0
S5,red,5317,5411,94,wave_A,0,0
S5,green,5411,5454,43,wave_A,0,0
S5,yellow,5454,5457,3,wave_A,0,0
S5,red,5457,5551,94,wave_A,0,0
S5,green,5551,5594,43,wave_A,0,0
S5,yellow,5594,5597,3,wave_A,0,0
S5,red,5597,5691,94,wave_A,0,0
S5,green,5691,5734,43,wave_A,0,0
S5,yellow,5734,5737,3,wave_A,0,0
S5,red,5737,5831,94,wave_A,0,0
S5,green,5831,5874,43,wave_A,0,0
S5,yellow,5874,5877,3,wave_A,0,0
S5,red,5877,5971,94,wave_A,0,0
S5,green,5971,6014,43,wave_A,0,0
S5,yellow,6014,6017,3,wave_A,0,0
S5,red,6017,6111,94,wave_A,0,0
S5,green,6111,6154,43,wave_A,0,0
S5,yellow,6154,6157,3,wave_A,0,0
S5,red,6157,6251,94,wave_A,0,0
S5,green,6251,6294,43,wave_A,0,0
S5,yellow,6294,6297,3,wave_A,0,0
S5,red,6297,6391,94,wave_A,0,0
S5,green,6391,6434,43,wave_A,0,0
S5,yellow,6434,6437,3,wave_A,0,0
S5,red,6437,6531,94,wave_A,0,0
S5,green,6531,6574,43,wave_A,0,0
S5,yellow,6574,6577,3,wave_A,0,0
S5,red,6577,6671,94,wave_A,0,0
S5,green,6671,6714,43,wave_A,0,0
S5,yellow,6714,6717,3,wave_A,0,0
S5,red,6717,6811,94,wave_A,0,0
S5,green,6811,6854,43,wave_A,0,0
S5,yellow,6854,6857,3,wave_A,0,0
S5,red,6857,6951,94,wave_A,0,0
S5,green,6951,6994,43,wave_A,0,0
S5,yellow,6994,6997,3,wave_A,0,0
S5,red,6997,7091,94,wave_A,0,0
S5,green,7091,7134,43,wave_A,0,0
S5,yellow,7134,7137,3,wave_A,0,0
S5,red,7137,7231,94,wave_A,0,0
S5,green,7231,7274,43,wave_A,0,0
S5,yellow,7274,7277,3,wave_A,0,0
S5,red,7277,7280,3,wave_A,0,1
S6,green,0,38,38,wave_A,1,0
S6,yellow,38,41,3,wave_A,0,0
S6,red,41,113,72,wave_A,0,0
S6,green,113,178,65,wave_A,0,0
S6,yellow,178,181,3,wave_A,0,0
S6,red,181,253,72,wave_A,0,0
S6,green,253,318,65,wave_A,0,0
S6,yellow,318,321,3,wave_A,0,0
S6,red,321,393,72,wave_A,0,0
S6,green,393,458,65,wave_A,0,0
S6,yellow,458,461,3,wave_A,0,0
S6,red,461,533,72,wave_A,0,0
S6,green,533,598,65,wave_A,0,0
S6,yellow,598,601,3,wave_A,0,0
S6,red,601,673,72,wave_A,0,0
S6,green,673,738,65,wave_A,0,0
S6,yellow,738,741,3,wave_A,0,0
S6,red,741,813,72,wave_A,0,0
S6,green,813,878,65,wave_A,0,0
S6,yellow,878,881,3,wave_A,0,0
S6,red,881,953,72,wave_A,0,0
S6,green,953,1018,65,wave_A,0,0
S6,yellow,1018,1021,3,wave_A,0,0
S6,red,1021,1093,72,wave_A,0,0
S6,green,1093,1158,65,wave_A,0,0
S6,yellow,1158,1161,3,wave_A,0,0
S6,red,1161,1233,72,wave_A,0,0
S6,green,1233,1298,65,wave_A,0,0
S6,yellow,1298,1301,3,wave_A,0,0
S6,red,1301,1373,72,wave_A,0,0
S6,green,1373,1438,65,wave_A,0,0
S6,yellow,1438,1441,3,wave_A,0,0
S6,red,1441,1513,72,wave_A,0,0
S6,green,1513,1578,65,wave_A,0,0
S6,yellow,1578,1581,3,wave_A,0,0
S6,red,1581,1653,72,wave_A,0,0
S6,green,1653,1718,65,wave_A,0,0
S6,yellow,1718,1721,3,wave_A,0,0
S6,red,1721,1793,72,wave_A,0,0
S6,green,1793,1858,65,wave_A,0,0
S6,yellow,1858,1861,3,wave_A,0,0
S6,red,1861,1933,72,wave_A,0,0
S6,green,1933,1998,65,wave_A,0,0
S6,yellow,1998,2001,3,wave_A,0,0
S6,red,2001,2073,72,wave_A,0,0
S6,green,2073,2138,65,wave_A,0,0
S6,yellow,2138,2141,3,wave_A,0,0
S6,red,2141,2213,72,wave_A,0,0
S6,green,2213,2278,65,wave_A,0,0
S6,yellow,2278,2281,3,wave_A,0,0
S6,red,2281,2353,72,wave_A,0,0
S6,green,2353,2418,65,wave_A,0,0
S6,yellow,2418,2421,3,wave_A,0,0
S6,red,2421,2493,72,wave_A,0,0
S6,green,2493,2558,65,wave_A,0,0
S6,yellow,2558,2561,3,wave_A,0,0
S6,red,2561,2633,72,wave_A,0,0
S6,green,2633,2698,65,wave_A,0,0
S6,yellow,2698,2701,3,wave_A,0,0
S6,red,2701,2773,72,wave_A,0,0
S6,green,2773,2838,65,wave_A,0,0
S6,yellow,2838,2841,3,wave_A,0,0
S6,red,2841,2913,72,wave_A,0,0
S6,green,2913,2978,65,wave_A,0,0
S6,yellow,2978,2981,3,wave_A,0,0
S6,red,2981,3053,72,wave_A,0,0
S6,green,3053,3118,65,wave_A,0,0
S6,yellow,3118,3121,3,wave_A,0,0
S6,red,3121,3193,72,wave_A,0,0
S6,green,3193,3258,65,wave_A,0,0
S6,yellow,3258,3261,3,wave_A,0,0
S6,red,3261,3333,72,wave_A,0,0
S6,green,3333,3398,65,wave_A,0,0
S6,yellow,3398,3401,3,wave_A,0,0
S6,red,3401,3473,72,wave_A,0,0
S6,green,3473,3538,65,wave_A,0,0
S6,yellow,3538,3541,3,wave_A,0,0
S6,red,3541,3613,72,wave_A,0,0
S6,green,3613,3678,65,wave_A,0,0
S6,yellow,3678,3681,3,wave_A,0,0
S6,red,3681,3753,72,wave_A,0,0
S6,green,3753,3818,65,wave_A,0,0
S6,yellow,3818,3821,3,wave_A,0,0
S6,red,3821,3893,72,wave_A,0,0
S6,green,3893,3958,65,wave_A,0,0
S6,yellow,3958,3961,3,wave_A,0,0
S6,red,3961,4033,72,wave_A,0,0
S6,green,4033,4098,65,wave_A,0,0
S6,yellow,4098,4101,3,wave_A,0,0
S6,red,4101,4173,72,wave_A,0,0
S6,green,4173,4238,65,wave_A,0,0
S6,yellow,4238,4241,3,wave_A,0,0
S6,red,4241,4313,72,wave_A,0,0
S6,green,4313,4378,65,wave_A,0,0
S6,yellow,4378,4381,3,wave_A,0,0
S6,red,4381,4453,72,wave_A,0,0
S6,green,4453,4518,65,wave_A,0,0
S6,yellow,4518,4521,3,wave_A,0,0
S6,red,4521,4593,72,wave_A,0,0
S6,green,4593,4658,65,wave_A,0,0
S6,yellow,4658,4661,3,wave_A,0,0
S6,red,4661,4733,72,wave_A,0,0
S6,green,4733,4798,65,wave_A,0,0
S6,yellow,4798,4801,3,wave_A,0,0
S6,red,4801,4873,72,wave_A,0,0
S6,green,4873,4938,65,wave_A,0,0
S6,yellow,4938,4941,3,wave_A,0,0
S6,red,4941,5013,72,wave_A,0,0
S6,green,5013,5078,65,wave_A,0,0
S6,yellow,5078,5081,3,wave_A,0,0
S6,red,5081,5153,72,wave_A,0,0
S6,green,5153,5218,65,wave_A,0,0
S6,yellow,5218,5221,3,wave_A,0,0
S6,red,5221,5293,72,wave_A,0,0
S6,green,5293,5358,65,wave_A,0,0
S6,yellow,5358,5361,3,wave_A,0,0
S6,red,5361,5433,72,wave_A,0,0
S6,green,5433,5498,65,wave_A,0,0
S6,yellow,5498,5501,3,wave_A,0,0
S6,red,5501,5573,72,wave_A,0,0
S6,green,5573,5638,65,wave_A,0,0
S6,yellow,5638,5641,3,wave_A,0,0
S6,red,5641,5713,72,wave_A,0,0
S6,green,5713,5778,65,wave_A,0,0
S6,yellow,5778,5781,3,wave_A,0,0
S6,red,5781,5853,72,wave_A,0,0
S6,green,5853,5918,65,wave_A,0,0
S6,yellow,5918,5921,3,wave_A,0,0
S6,red,5921,5993,72,wave_A,0,0
S6,green,5993,6058,65,wave_A,0,0
S6,yellow,6058,6061,3,wave_A,0,0
S6,red,6061,6133,72,wave_A,0,0
S6,green,6133,6198,65,wave_A,0,0
S6,yellow,6198,6201,3,wave_A,0,0
S6,red,6201,6273,72,wave_A,0,0
S6,green,6273,6338,65,wave_A,0,0
S6,yellow,6338,6341,3,wave_A,0,0
S6,red,6341,6413,72,wave_A,0,0
S6,green,6413,6478,65,wave_A,0,0
S6,yellow,6478,6481,3,wave_A,0,0
S6,red,6481,6553,72,wave_A,0,0
S6,green,6553,6618,65,wave_A,0,0
S6,yellow,6618,6621,3,wave_A,0,0
S6,red,6621,6693,72,wave_A,0,0
S6,green,6693,6758,65,wave_A,0,0
S6,yellow,6758,6761,3,wave_A,0,0
S6,red,6761,6833,72,wave_A,0,0
S6,green,6833,6898,65,wave_A,0,0
S6,yellow,6898,6901,3,wave_A,0,0
S6,red,6901,6973,72,wave_A,0,0
S6,green,6973,7038,65,wave_A,0,0
S6,yellow,7038,7041,3,wave_A,0,0
S6,red,7041,7113,72,wave_A,0,0
S6,green,7113,7178,65,wave_A,0,0
S6,yellow,7178,7181,3,wave_A,0,0
S6,red,7181,7253,72,wave_A,0,0
S6,green,7253,7280,27,wave_A,0,1
