intersection_id,cycle_index,start_green_s,next_green_s,duration_s,nominal_cycle_s,deviation_s,constant,green_s,yellow_s,red_s,stages
S1,1,0,140,140,140,0,1,60,3,77,subida
S1,2,140,280,140,140,0,1,60,3,77,subida
S1,3,280,420,140,140,0,1,60,3,77,subida
S1,4,420,560,140,140,0,1,60,3,77,transicion
S1,5,560,700,140,140,0,1,60,3,77,transicion
S1,6,700,840,140,140,0,1,60,3,77,transicion
S1,7,840,980,140,140,0,1,60,3,77,transicion
S1,8,980,1120,140,140,0,1,60,3,77,transicion
S1,9,1120,1260,140,140,0,1,60,3,77,transicion
S1,10,1260,1400,140,140,0,1,60,3,77,transicion
S1,11,1400,1540,140,140,0,1,60,3,77,transicion
S1,12,1540,1680,140,140,0,1,60,3,77,transicion
S1,13,1680,1820,140,140,0,1,60,3,77,transicion
S1,14,1820,1960,140,140,0,1,60,3,77,transicion
S1,15,1960,2100,140,140,0,1,60,3,77,transicion
S1,16,2100,2240,140,140,0,1,60,3,77,transicion
S1,17,2240,2380,140,140,0,1,60,3,77,transicion
S1,18,2380,2520,140,140,0,1,60,3,77,transicion
S1,19,2520,2660,140,140,0,1,60,3,77,transicion
S1,20,2660,2800,140,140,0,1,60,3,77,transicion
S1,21,2800,2940,140,140,0,1,60,3,77,transicion
S1,22,2940,3080,140,140,0,1,60,3,77,transicion
S1,23,3080,3220,140,140,0,1,60,3,77,transicion
S1,24,3220,3360,140,140,0,1,60,3,77,transicion
S1,25,3360,3500,140,140,0,1,60,3,77,transicion
S1,26,3500,3640,140,140,0,1,60,3,77,transicion
S1,27,3640,3780,140,140,0,1,60,3,77,transicion
S1,28,3780,3920,140,140,0,1,60,3,77,transicion
S1,29,3920,4060,140,140,0,1,60,3,77,bajada
S1,30,4060,4200,140,140,0,1,60,3,77,bajada
S1,31,4200,4340,140,140,0,1,60,3,77,bajada
S1,32,4340,4480,140,140,0,1,60,3,77,bajada
S1,33,4480,4620,140,140,0,1,60,3,77,bajada
S1,34,4620,4760,140,140,0,1,60,3,77,bajada
S1,35,4760,4900,140,140,0,1,60,3,77,bajada
S1,36,4900,5040,140,140,0,1,60,3,77,bajada
S1,37,5040,5180,140,140,0,1,60,3,77,bajada
S1,38,5180,5320,140,140,0,1,60,3,77,bajada
S1,39,5320,5460,140,140,0,1,60,3,77,bajada
S1,40,5460,5600,140,140,0,1,60,3,77,bajada
S1,41,5600,5740,140,140,0,1,60,3,77,bajada
S1,42,5740,5880,140,140,0,1,60,3,77,bajada
S1,43,5880,6020,140,140,0,1,60,3,77,bajada
S1,44,6020,6160,140,140,0,1,60,3,77,bajada
S1,45,6160,6300,140,140,0,1,60,3,77,bajada
S1,46,6300,6440,140,140,0,1,60,3,77,bajada
S1,47,6440,6580,140,140,0,1,60,3,77,bajada
S1,48,6580,6720,140,140,0,1,60,3,77,bajada
S1,49,6720,6860,140,140,0,1,60,3,77,bajada
S1,50,6860,7000,140,140,0,1,60,3,77,bajada
S1,51,7000,7140,140,140,0,1,60,3,77,bajada
S2,1,18,158,140,140,0,1,40,3,97,subida
S2,2,158,298,140,140,0,1,40,3,97,subida
S2,3,298,438,140,140,0,1,40,3,97,subida|transicion
S2,4,438,578,140,140,0,1,40,3,97,transicion
S2,5,578,718,140,140,0,1,40,3,97,transicion
S2,6,718,858,140,140,0,1,40,3,97,transicion
S2,7,858,998,140,140,0,1,40,3,97,transicion
S2,8,998,1138,140,140,0,1,40,3,97,transicion
S2,9,1138,1278,140,140,0,1,40,3,97,transicion
S2,10,1278,1418,140,140,0,1,40,3,97,transicion
S2,11,1418,1558,140,140,0,1,40,3,97,transicion
S2,12,1558,1698,140,140,0,1,40,3,97,transicion
S2,13,1698,1838,140,140,0,1,40,3,97,transicion
S2,14,1838,1978,140,140,0,1,40,3,97,transicion
S2,15,1978,2118,140,140,0,1,40,3,97,transicion
S2,16,2118,2258,140,140,0,1,40,3,97,transicion
S2,17,2258,2398,140,140,0,1,40,3,97,transicion
S2,18,2398,2538,140,140,0,1,40,3,97,transicion
S2,19,2538,2678,140,140,0,1,40,3,97,transicion
S2,20,2678,2818,140,140,0,1,40,3,97,transicion
S2,21,2818,2958,140,140,0,1,40,3,97,transicion
S2,22,2958,3098,140,140,0,1,40,3,97,transicion
S2,23,3098,3238,140,140,0,1,40,3,97,transicion
S2,24,3238,3378,140,140,0,1,40,3,97,transicion
S2,25,3378,3518,140,140,0,1,40,3,97,transicion
S2,26,3518,3658,140,140,0,1,40,3,97,transicion
S2,27,3658,3798,140,140,0,1,40,3,97,transicion
S2,28,3798,3938,140,140,0,1,40,3,97,transicion|bajada
S2,29,3938,4078,140,140,0,1,40,3,97,bajada
S2,30,4078,4218,140,140,0,1,40,3,97,bajada
S2,31,4218,4358,140,140,0,1,40,3,97,bajada
S2,32,4358,4498,140,140,0,1,40,3,97,bajada
S2,33,4498,4638,140,140,0,1,40,3,97,bajada
S2,34,4638,4778,140,140,0,1,40,3,97,bajada
S2,35,4778,4918,140,140,0,1,40,3,97,bajada
S2,36,4918,5058,140,140,0,1,40,3,97,bajada
S2,37,5058,5198,140,140,0,1,40,3,97,bajada
S2,38,5198,5338,140,140,0,1,40,3,97,bajada
S2,39,5338,5478,140,140,0,1,40,3,97,bajada
S2,40,5478,5618,140,140,0,1,40,3,97,bajada
S2,41,5618,5758,140,140,0,1,40,3,97,bajada
S2,42,5758,5898,140,140,0,1,40,3,97,bajada
S2,43,5898,6038,140,140,0,1,40,3,97,bajada
S2,44,6038,6178,140,140,0,1,40,3,97,bajada
S2,45,6178,6318,140,140,0,1,40,3,97,bajada
S2,46,6318,6458,140,140,0,1,40,3,97,bajada
S2,47,6458,6598,140,140,0,1,40,3,97,bajada
S2,48,6598,6738,140,140,0,1,40,3,97,bajada
S2,49,6738,6878,140,140,0,1,40,3,97,bajada
S2,50,6878,7018,140,140,0,1,40,3,97,bajada
S2,51,7018,7158,140,140,0,1,40,3,97,bajada
S3,1,45,185,140,140,0,1,55,3,82,subida
S3,2,185,325,140,140,0,1,55,3,82,subida
S3,3,325,465,140,140,0,1,55,3,82,subida|transicion
S3,4,465,605,140,140,0,1,56,3,81,transicion
S3,5,605,745,140,140,0,1,57,3,80,transicion
S3,6,745,885,140,140,0,1,58,3,79,transicion
S3,7,885,1025,140,140,0,1,59,3,78,transicion
S3,8,1025,1165,140,140,0,1,60,3,77,transicion
S3,9,1165,1305,140,140,0,1,61,3,76,transicion
S3,10,1305,1445,140,140,0,1,62,3,75,transicion
S3,11,1445,1585,140,140,0,1,63,3,74,transicion
S3,12,1585,1725,140,140,0,1,64,3,73,transicion
S3,13,1725,1865,140,140,0,1,65,3,72,transicion
S3,14,1865,2005,140,140,0,1,65,3,72,transicion
S3,15,2005,2145,140,140,0,1,65,3,72,transicion
S3,16,2145,2285,140,140,0,1,65,3,72,transicion
S3,17,2285,2425,140,140,0,1,65,3,72,transicion
S3,18,2425,2565,140,140,0,1,65,3,72,transicion
S3,19,2565,2705,140,140,0,1,65,3,72,transicion
S3,20,2705,2845,140,140,0,1,65,3,72,transicion
S3,21,2845,2985,140,140,0,1,65,3,72,transicion
S3,22,2985,3125,140,140,0,1,65,3,72,transicion
S3,23,3125,3265,140,140,0,1,65,3,72,transicion
S3,24,3265,3405,140,140,0,1,65,3,72,transicion
S3,25,3405,3545,140,140,0,1,65,3,72,transicion
S3,26,3545,3685,140,140,0,1,65,3,72,transicion
S3,27,3685,3825,140,140,0,1,65,3,72,transicion
S3,28,3825,3965,140,140,0,1,65,3,72,transicion|bajada
S3,29,3965,4105,140,140,0,1,65,3,72,bajada
S3,30,4105,4245,140,140,0,1,65,3,72,bajada
S3,31,4245,4385,140,140,0,1,65,3,72,bajada
S3,32,4385,4525,140,140,0,1,65,3,72,bajada
S3,33,4525,4665,140,140,0,1,65,3,72,bajada
S3,34,4665,4805,140,140,0,1,65,3,72,bajada
S3,35,4805,4945,140,140,0,1,65,3,72,bajada
S3,36,4945,5085,140,140,0,1,65,3,72,bajada
S3,37,5085,5225,140,140,0,1,65,3,72,bajada
S3,38,5225,5365,140,140,0,1,65,3,72,bajada
S3,39,5365,5505,140,140,0,1,65,3,72,bajada
S3,40,5505,5645,140,140,0,1,65,3,72,bajada
S3,41,5645,5785,140,140,0,1,65,3,72,bajada
S3,42,5785,5925,140,140,0,1,65,3,72,bajada
S3,43,5925,6065,140,140,0,1,65,3,72,bajada
S3,44,6065,6205,140,140,0,1,65,3,72,bajada
S3,45,6205,6345,140,140,0,1,65,3,72,bajada
S3,46,6345,6485,140,140,0,1,65,3,72,bajada
S3,47,6485,6625,140,140,0,1,65,3,72,bajada
S3,48,6625,6765,140,140,0,1,65,3,72,bajada
S3,49,6765,6905,140,140,0,1,65,3,72,bajada
S3,50,6905,7045,140,140,0,1,65,3,72,bajada
S3,51,7045,7185,140,140,0,1,65,3,72,bajada
S4,1,59,199,140,140,0,1,53,3,84,subida
S4,2,199,339,140,140,0,1,53,3,84,subida
S4,3,339,479,140,140,0,1,53,3,84,subida|transicion
S4,4,479,619,140,140,0,1,53,3,84,transicion
S4,5,619,759,140,140,0,1,53,3,84,transicion
S4,6,759,899,140,140,0,1,53,3,84,transicion
S4,7,899,1039,140,140,0,1,53,3,84,transicion
S4,8,1039,1179,140,140,0,1,53,3,84,transicion
S4,9,1179,1319,140,140,0,1,53,3,84,transicion
S4,10,1319,1459,140,140,0,1,53,3,84,transicion
S4,11,1459,1599,140,140,0,1,53,3,84,transicion
S4,12,1599,1739,140,140,0,1,53,3,84,transicion
S4,13,1739,1879,140,140,0,1,53,3,84,transicion
S4,14,1879,2019,140,140,0,1,53,3,84,transicion
S4,15,2019,2159,140,140,0,1,53,3,84,transicion
S4,16,2159,2299,140,140,0,1,53,3,84,transicion
S4,17,2299,2439,140,140,0,1,53,3,84,transicion
S4,18,2439,2579,140,140,0,1,53,3,84,transicion
S4,19,2579,2719,140,140,0,1,53,3,84,transicion
S4,20,2719,2859,140,140,0,1,53,3,84,transicion
S4,21,2859,2999,140,140,0,1,53,3,84,transicion
S4,22,2999,3139,140,140,0,1,53,3,84,transicion
S4,23,3139,3279,140,140,0,1,53,3,84,transicion
S4,24,3279,3419,140,140,0,1,53,3,84,transicion
S4,25,3419,3559,140,140,0,1,53,3,84,transicion
S4,26,3559,3699,140,140,0,1,53,3,84,transicion
S4,27,3699,3839,140,140,0,1,53,3,84,transicion
S4,28,3839,3979,140,140,0,1,53,3,84,transicion|bajada
S4,29,3979,4119,140,140,0,1,53,3,84,bajada
S4,30,4119,4259,140,140,0,1,53,3,84,bajada
S4,31,4259,4399,140,140,0,1,53,3,84,bajada
S4,32,4399,4539,140,140,0,1,53,3,84,bajada
S4,33,4539,4679,140,140,0,1,53,3,84,bajada
S4,34,4679,4819,140,140,0,1,53,3,84,bajada
S4,35,4819,4959,140,140,0,1,53,3,84,bajada
S4,36,4959,5099,140,140,0,1,53,3,84,bajada
S4,37,5099,5239,140,140,0,1,53,3,84,bajada
S4,38,5239,5379,140,140,0,1,53,3,84,bajada
S4,39,5379,5519,140,140,0,1,53,3,84,bajada
S4,40,5519,5659,140,140,0,1,53,3,84,bajada
S4,41,5659,5799,140,140,0,1,53,3,84,bajada
S4,42,5799,5939,140,140,0,1,53,3,84,bajada
S4,43,5939,6079,140,140,0,1,53,3,84,bajada
S4,44,6079,6219,140,140,0,1,53,3,84,bajada
S4,45,6219,6359,140,140,0,1,53,3,84,bajada
S4,46,6359,6499,140,140,0,1,53,3,84,bajada
S4,47,6499,6639,140,140,0,1,53,3,84,bajada
S4,48,6639,6779,140,140,0,1,53,3,84,bajada
S4,49,6779,6919,140,140,0,1,53,3,84,bajada
S4,50,6919,7059,140,140,0,1,53,3,84,bajada
S4,51,7059,7199,140,140,0,1,53,3,84,bajada
S5,1,91,231,140,140,0,1,43,3,94,subida
S5,2,231,371,140,140,0,1,43,3,94,subida
S5,3,371,511,140,140,0,1,43,3,94,subida|transicion
S5,4,511,651,140,140,0,1,44,3,93,transicion
S5,5,651,791,140,140,0,1,45,3,92,transicion
S5,6,791,931,140,140,0,1,46,3,91,transicion
S5,7,931,1071,140,140,0,1,47,3,90,transicion
S5,8,1071,1211,140,140,0,1,48,3,89,transicion
S5,9,1211,1351,140,140,0,1,49,3,88,transicion
S5,10,1351,1491,140,140,0,1,50,3,87,transicion
S5,11,1491,1631,140,140,0,1,51,3,86,transicion
S5,12,1631,1771,140,140,0,1,52,3,85,transicion
S5,13,1771,1911,140,140,0,1,53,3,84,transicion
S5,14,1911,2051,140,140,0,1,54,3,83,transicion
S5,15,2051,2191,140,140,0,1,55,3,82,transicion
S5,16,2191,2331,140,140,0,1,56,3,81,transicion
S5,17,2331,2471,140,140,0,1,57,3,80,transicion
S5,18,2471,2611,140,140,0,1,58,3,79,transicion
S5,19,2611,2751,140,140,0,1,59,3,78,transicion
S5,20,2751,2891,140,140,0,1,60,3,77,transicion
S5,21,2891,3031,140,140,0,1,61,3,76,transicion
S5,22,3031,3171,140,140,0,1,62,3,75,transicion
S5,23,3171,3311,140,140,0,1,63,3,74,transicion
S5,24,3311,3451,140,140,0,1,64,3,73,transicion
S5,25,3451,3591,140,140,0,1,65,3,72,transicion
S5,26,3591,3731,140,140,0,1,66,3,71,transicion
S5,27,3731,3871,140,140,0,1,67,3,70,transicion
S5,28,3871,4011,140,140,0,1,68,3,69,transicion|bajada
S5,29,4011,4151,140,140,0,1,68,3,69,bajada
S5,30,4151,4291,140,140,0,1,68,3,69,bajada
S5,31,4291,4431,140,140,0,1,68,3,69,bajada
S5,32,4431,4571,140,140,0,1,68,3,69,bajada
S5,33,4571,4711,140,140,0,1,68,3,69,bajada
S5,34,4711,4851,140,140,0,1,68,3,69,bajada
S5,35,4851,4991,140,140,0,1,68,3,69,bajada
S5,36,4991,5131,140,140,0,1,68,3,69,bajada
S5,37,5131,5271,140,140,0,1,68,3,69,bajada
S5,38,5271,5411,140,140,0,1,68,3,69,bajada
S5,39,5411,5551,140,140,0,1,68,3,69,bajada
S5,40,5551,5691,140,140,0,1,68,3,69,bajada
S5,41,5691,5831,140,140,0,1,68,3,69,bajada
S5,42,5831,5971,140,140,0,1,68,3,69,bajada
S5,43,5971,6111,140,140,0,1,68,3,69,bajada
S5,44,6111,6251,140,140,0,1,68,3,69,bajada
S5,45,6251,6391,140,140,0,1,68,3,69,bajada
S5,46,6391,6531,140,140,0,1,68,3,69,bajada
S5,47,6531,6671,140,140,0,1,68,3,69,bajada
S5,48,6671,6811,140,140,0,1,68,3,69,bajada
S5,49,6811,6951,140,140,0,1,68,3,69,bajada
S5,50,6951,7091,140,140,0,1,68,3,69,bajada
S5,51,7091,7231,140,140,0,1,68,3,69,bajada
S6,1,113,253,140,140,0,1,65,3,72,subida
S6,2,253,393,140,140,0,1,65,3,72,subida
S6,3,393,533,140,140,0,1,65,3,72,subida|transicion
S6,4,533,673,140,140,0,1,65,3,72,transicion
S6,5,673,813,140,140,0,1,65,3,72,transicion
S6,6,813,953,140,140,0,1,65,3,72,transicion
S6,7,953,1093,140,140,0,1,65,3,72,transicion
S6,8,1093,1233,140,140,0,1,65,3,72,transicion
S6,9,1233,1373,140,140,0,1,65,3,72,transicion
S6,10,1373,1513,140,140,0,1,65,3,72,transicion
S6,11,1513,1653,140,140,0,1,65,3,72,transicion
S6,12,1653,1793,140,140,0,1,65,3,72,transicion
S6,13,1793,1933,140,140,0,1,65,3,72,transicion
S6,14,1933,2073,140,140,0,1,65,3,72,transicion
S6,15,2073,2213,140,140,0,1,65,3,72,transicion
S6,16,2213,2353,140,140,0,1,65,3,72,transicion
S6,17,2353,2493,140,140,0,1,65,3,72,transicion
S6,18,2493,2633,140,140,0,1,65,3,72,transicion
S6,19,2633,2773,140,140,0,1,65,3,72,transicion
S6,20,2773,2913,140,140,0,1,65,3,72,transicion
S6,21,2913,3053,140,140,0,1,65,3,72,transicion
S6,22,3053,3193,140,140,0,1,65,3,72,transicion
S6,23,3193,3333,140,140,0,1,65,3,72,transicion
S6,24,3333,3473,140,140,0,1,65,3,72,transicion
S6,25,3473,3613,140,140,0,1,65,3,72,transicion
S6,26,3613,3753,140,140,0,1,65,3,72,transicion
S6,27,3753,3893,140,140,0,1,65,3,72,transicion
S6,28,3893,4033,140,140,0,1,65,3,72,transicion|bajada
S6,29,4033,4173,140,140,0,1,65,3,72,bajada
S6,30,4173,4313,140,140,0,1,65,3,72,bajada
S6,31,4313,4453,140,140,0,1,65,3,72,bajada
S6,32,4453,4593,140,140,0,1,65,3,72,bajada
S6,33,4593,4733,140,140,0,1,65,3,72,bajada
S6,34,4733,4873,140,140,0,1,65,3,72,bajada
S6,35,4873,5013,140,140,0,1,65,3,72,bajada
S6,36,5013,5153,140,140,0,1,65,3,72,bajada
S6,37,5153,5293,140,140,0,1,65,3,72,bajada
S6,38,5293,5433,140,140,0,1,65,3,72,bajada
S6,39,5433,5573,140,140,0,1,65,3,72,bajada
S6,40,5573,5713,140,140,0,1,65,3,72,bajada
S6,41,5713,5853,140,140,0,1,65,3,72,bajada
S6,42,5853,5993,140,140,0,1,65,3,72,bajada
S6,43,5993,6133,140,140,0,1,65,3,72,bajada
S6,44,6133,6273,140,140,0,1,65,3,72,bajada
S6,45,6273,6413,140,140,0,1,65,3,72,bajada
S6,46,6413,6553,140,140,0,1,65,3,72,bajada
S6,47,6553,6693,140,140,0,1,65,3,72,bajada
S6,48,6693,6833,140,140,0,1,65,3,72,bajada
S6,49,6833,6973,140,140,0,1,65,3,72,bajada
S6,50,6973,7113,140,140,0,1,65,3,72,bajada
S6,51,7113,7253,140,140,0,1,65,3,72,bajada
