request_id,timestamp,time_s,intersection,cycle_id,phase,phase_elapsed_s,green,amber,red,offset,target_offset,offset_error,green_error,duration_green_delta_s,duration_red_delta_s,offset_requested_correction_s,offset_applied_correction_s,status,reason
1,2026-10-02T06:16:15,975,S1,7,red,74,58,3,79,0,0,0,2,0,0,0,0,REQUESTED,TARGET ACHIEVABLE
1,2026-10-02T06:16:15,975,S2,7,red,71,43,3,94,18,18,0,-3,0,0,0,0,REQUESTED,TARGET ACHIEVABLE
1,2026-10-02T06:16:15,975,S3,7,red,33,54,3,83,45,45,0,1,0,0,0,0,REQUESTED,TARGET ACHIEVABLE
1,2026-10-02T06:16:15,975,S4,7,red,19,54,3,83,59,59,0,-1,0,0,0,0,REQUESTED,TARGET ACHIEVABLE
1,2026-10-02T06:16:15,975,S5,7,yellow,1,43,3,94,91,91,0,0,0,0,0,0,REQUESTED,TARGET ACHIEVABLE
1,2026-10-02T06:16:15,975,S6,7,green,22,65,3,72,113,113,0,0,0,0,0,0,REQUESTED,TARGET ACHIEVABLE
1,2026-10-02T06:16:20,980,S1,8,green,0,59,3,78,0,0,0,1,1,-1,0,0,APPLIED,Reevaluación local: minimizar error nominal y perturbación.
1,2026-10-02T06:16:38,998,S2,8,green,0,42,3,95,18,18,0,-2,-1,1,0,0,APPLIED,Reevaluación local: minimizar error nominal y perturbación.
1,2026-10-02T06:17:05,1025,S3,8,green,0,55,3,82,45,45,0,0,1,-1,0,0,APPLIED,Reevaluación local: minimizar error nominal y perturbación.
1,2026-10-02T06:17:19,1039,S4,8,green,0,53,3,84,59,59,0,0,-1,1,0,0,APPLIED,Reevaluación local: minimizar error nominal y perturbación.
1,2026-10-02T06:18:40,1120,S1,9,green,0,60,3,77,0,0,0,0,1,-1,0,0,APPLIED,Reevaluación local: minimizar error nominal y perturbación.
1,2026-10-02T06:18:58,1138,S2,9,green,0,41,3,96,18,18,0,-1,-1,1,0,0,APPLIED,Reevaluación local: minimizar error nominal y perturbación.
1,2026-10-02T06:21:18,1278,S1,10,green,18,60,3,77,0,0,0,0,0,0,0,0,SUCCESS,TARGET ACHIEVABLE
1,2026-10-02T06:21:18,1278,S2,10,green,0,40,3,97,18,18,0,0,0,0,0,0,SUCCESS,TARGET ACHIEVABLE
1,2026-10-02T06:21:18,1278,S2,10,green,0,40,3,97,18,18,0,0,-1,1,0,0,APPLIED,Reevaluación local: minimizar error nominal y perturbación.
1,2026-10-02T06:21:18,1278,S3,9,red,55,55,3,82,45,45,0,0,0,0,0,0,SUCCESS,TARGET ACHIEVABLE
1,2026-10-02T06:21:18,1278,S4,9,red,43,53,3,84,59,59,0,0,0,0,0,0,SUCCESS,TARGET ACHIEVABLE
1,2026-10-02T06:21:18,1278,S5,9,red,21,43,3,94,91,91,0,0,0,0,0,0,SUCCESS,TARGET ACHIEVABLE
1,2026-10-02T06:21:18,1278,S6,9,green,45,65,3,72,113,113,0,0,0,0,0,0,SUCCESS,TARGET ACHIEVABLE
