intersection_id,start_s,end_s,duration_s,green_s,yellow_s,red_s,stage
S1,0,140,140,60,3,77,wave_A
S1,140,280,140,60,3,77,wave_A
S1,280,420,140,60,3,77,wave_A
S1,420,560,140,60,3,77,wave_A
S1,560,700,140,60,3,77,wave_A
S1,700,840,140,60,3,77,wave_A
S1,840,980,140,60,3,77,wave_A
S1,980,1120,140,60,3,77,wave_A
S1,1120,1260,140,60,3,77,wave_A
S1,1260,1400,140,60,3,77,wave_A
S1,1400,1540,140,60,3,77,wave_A
S1,1540,1680,140,60,3,77,wave_A
S1,1680,1820,140,60,3,77,wave_A
S1,1820,1960,140,60,3,77,wave_A
S1,1960,2100,140,60,3,77,wave_A
S1,2100,2240,140,60,3,77,wave_A
S1,2240,2380,140,60,3,77,wave_A
S1,2380,2520,140,60,3,77,wave_A
S1,2520,2660,140,60,3,77,wave_A
S1,2660,2800,140,60,3,77,wave_A
S1,2800,2940,140,60,3,77,wave_A
S1,2940,3080,140,60,3,77,wave_A
S1,3080,3220,140,60,3,77,wave_A
S1,3220,3360,140,60,3,77,wave_A
S1,3360,3500,140,60,3,77,wave_A
S1,3500,3640,140,60,3,77,wave_A
S1,3640,3780,140,60,3,77,wave_A
S1,3780,3920,140,60,3,77,wave_A
S1,3920,4060,140,60,3,77,wave_A
S1,4060,4200,140,60,3,77,wave_A
S1,4200,4340,140,60,3,77,wave_A
S1,4340,4480,140,60,3,77,wave_A
S1,4480,4620,140,60,3,77,wave_A
S1,4620,4760,140,60,3,77,wave_A
S1,4760,4900,140,60,3,77,wave_A
S1,4900,5040,140,60,3,77,wave_A
S1,5040,5180,140,60,3,77,wave_A
S1,5180,5320,140,60,3,77,wave_A
S1,5320,5460,140,60,3,77,wave_A
S1,5460,5600,140,60,3,77,wave_A
S1,5600,5740,140,60,3,77,wave_A
S1,5740,5880,140,60,3,77,wave_A
S1,5880,6020,140,60,3,77,wave_A
S1,6020,6160,140,60,3,77,wave_A
S1,6160,6300,140,60,3,77,wave_A
S1,6300,6440,140,60,3,77,wave_A
S1,6440,6580,140,60,3,77,wave_A
S1,6580,6720,140,60,3,77,wave_A
S1,6720,6860,140,60,3,77,wave_A
S1,6860,7000,140,60,3,77,wave_A
S1,7000,7140,140,60,3,77,wave_A
S1,7140,7280,140,60,3,77,wave_A
S1,7280,7420,140,60,3,77,wave_A
S1,7420,7560,140,60,3,77,wave_A
S1,7560,7700,140,60,3,77,wave_A
S1,7700,7840,140,60,3,77,wave_A
S1,7840,7980,140,60,3,77,wave_A
S1,7980,8120,140,60,3,77,wave_A
S1,8120,8260,140,60,3,77,wave_A
S1,8260,8400,140,60,3,77,wave_A
S1,8400,8540,140,60,3,77,wave_A
S1,8540,8680,140,60,3,77,wave_A
S1,8680,8820,140,60,3,77,wave_A
S1,8820,8960,140,60,3,77,wave_A
S1,8960,9100,140,60,3,77,wave_A
S1,9100,9240,140,60,3,77,wave_A
S1,9240,9380,140,60,3,77,wave_A
S1,9380,9520,140,60,3,77,wave_A
S1,9520,9660,140,60,3,77,wave_A
S1,9660,9800,140,60,3,77,wave_A
S1,9800,9940,140,60,3,77,wave_A
S1,9940,10080,140,60,3,77,wave_A
S1,10080,10220,140,60,3,77,wave_A
S1,10220,10360,140,60,3,77,wave_A
S1,10360,10500,140,60,3,77,wave_A
S1,10500,10640,140,60,3,77,wave_A
S1,10640,10780,140,60,3,77,wave_A
S1,10780,10920,140,60,3,77,wave_A
S1,10920,11060,140,60,3,77,wave_A
S1,11060,11200,140,60,3,77,wave_A
S1,11200,11340,140,60,3,77,wave_A
S1,11340,11480,140,60,3,77,wave_A
S1,11480,11620,140,60,3,77,wave_A
S1,11620,11760,140,60,3,77,wave_A
S1,11760,11900,140,60,3,77,wave_A
S1,11900,12040,140,60,3,77,wave_A
S1,12040,12180,140,60,3,77,wave_A
S1,12180,12320,140,60,3,77,wave_A
S1,12320,12460,140,60,3,77,wave_A
S1,12460,12600,140,60,3,77,wave_A
S1,12600,12740,140,60,3,77,wave_A
S1,12740,12880,140,60,3,77,wave_A
S1,12880,13020,140,60,3,77,wave_A
S1,13020,13160,140,60,3,77,wave_A
S1,13160,13300,140,60,3,77,wave_A
S1,13300,13440,140,60,3,77,wave_A
S1,13440,13580,140,60,3,77,wave_A
S1,13580,13720,140,60,3,77,wave_A
S1,13720,13860,140,60,3,77,wave_A
S1,13860,14000,140,60,3,77,wave_A
S1,14000,14140,140,60,3,77,wave_A
S1,14140,14280,140,60,3,77,wave_A
S1,14280,14420,140,60,3,77,wave_A
S1,14420,14560,140,60,3,77,wave_A
S1,14560,14700,140,60,3,77,wave_A
S1,14700,14840,140,60,3,77,wave_A
S1,14840,14980,140,60,3,77,wave_A
S1,14980,15120,140,60,3,77,wave_A
S1,15120,15260,140,60,3,77,wave_A
S1,15260,15400,140,60,3,77,wave_A
S1,15400,15540,140,60,3,77,wave_A
S1,15540,15680,140,60,3,77,wave_A
S1,15680,15820,140,60,3,77,wave_A
S1,15820,15960,140,60,3,77,wave_A
S1,15960,16100,140,60,3,77,wave_A
S1,16100,16240,140,60,3,77,wave_A
S1,16240,16380,140,60,3,77,wave_A
S1,16380,16520,140,60,3,77,wave_A
S1,16520,16660,140,60,3,77,wave_A
S1,16660,16800,140,60,3,77,wave_A
S1,16800,16940,140,60,3,77,wave_A
S1,16940,17080,140,60,3,77,wave_A
S1,17080,17220,140,60,3,77,wave_A
S1,17220,17360,140,60,3,77,wave_A
S1,17360,17500,140,60,3,77,wave_A
S1,17500,17640,140,60,3,77,wave_A
S1,17640,17780,140,60,3,77,wave_A
S1,17780,17920,140,60,3,77,wave_A
S1,17920,18060,140,60,3,77,wave_A
S1,18060,18200,140,60,3,77,wave_A
S1,18200,18340,140,60,3,77,wave_A
S1,18340,18480,140,60,3,77,wave_A
S1,18480,18620,140,60,3,77,wave_A
S1,18620,18760,140,60,3,77,wave_A
S1,18760,18900,140,60,3,77,wave_A
S1,18900,19040,140,60,3,77,wave_A
S1,19040,19180,140,60,3,77,wave_A
S1,19180,19320,140,60,3,77,wave_A
S1,19320,19460,140,60,3,77,wave_A
S1,19460,19600,140,60,3,77,wave_A
S1,19600,19740,140,60,3,77,wave_A
S1,19740,19880,140,60,3,77,wave_A
S1,19880,20020,140,60,3,77,wave_A
S1,20020,20160,140,60,3,77,wave_A
S1,20160,20300,140,60,3,77,wave_A
S1,20300,20440,140,60,3,77,wave_A
S1,20440,20580,140,60,3,77,wave_A
S1,20580,20720,140,60,3,77,wave_A
S1,20720,20860,140,60,3,77,wave_A
S1,20860,21000,140,60,3,77,wave_A
S1,21000,21140,140,60,3,77,wave_A
S1,21140,21280,140,60,3,77,wave_A
S1,21280,21420,140,60,3,77,wave_A
S1,21420,21560,140,60,3,77,wave_A
S1,21560,21700,140,60,3,77,wave_A
S1,21700,21840,140,60,3,77,wave_A
S1,21840,21980,140,60,3,77,wave_A
S1,21980,22120,140,60,3,77,wave_A
S1,22120,22260,140,60,3,77,wave_A
S1,22260,22400,140,60,3,77,wave_A
S1,22400,22540,140,60,3,77,wave_A
S1,22540,22680,140,60,3,77,wave_A
S1,22680,22820,140,60,3,77,wave_A
S1,22820,22960,140,60,3,77,wave_A
S1,22960,23100,140,60,3,77,wave_A
S1,23100,23240,140,60,3,77,wave_A
S1,23240,23380,140,60,3,77,wave_A
S1,23380,23520,140,60,3,77,wave_A
S1,23520,23660,140,60,3,77,wave_A
S1,23660,23800,140,60,3,77,wave_A
S1,23800,23940,140,60,3,77,wave_A
S1,23940,24080,140,60,3,77,wave_A
S1,24080,24220,140,60,3,77,wave_A
S1,24220,24360,140,60,3,77,wave_A
S1,24360,24500,140,60,3,77,wave_A
S1,24500,24640,140,60,3,77,wave_A
S1,24640,24780,140,60,3,77,wave_A
S1,24780,24920,140,60,3,77,wave_A
S1,24920,25060,140,60,3,77,wave_A
S1,25060,25200,140,60,3,77,wave_A
S1,25200,25340,140,60,3,77,wave_A
S1,25340,25480,140,60,3,77,wave_A
S1,25480,25620,140,60,3,77,wave_A
S1,25620,25760,140,60,3,77,wave_A
S1,25760,25900,140,60,3,77,wave_A
S1,25900,26040,140,60,3,77,wave_A
S1,26040,26180,140,60,3,77,wave_A
S1,26180,26320,140,60,3,77,wave_A
S1,26320,26460,140,60,3,77,wave_A
S1,26460,26600,140,60,3,77,wave_A
S1,26600,26740,140,60,3,77,wave_A
S1,26740,26880,140,60,3,77,wave_A
S1,26880,27020,140,60,3,77,wave_A
S1,27020,27160,140,60,3,77,wave_A
S1,27160,27300,140,60,3,77,wave_A
S1,27300,27440,140,60,3,77,wave_A
S1,27440,27580,140,60,3,77,wave_A
S1,27580,27720,140,60,3,77,wave_A
S1,27720,27860,140,60,3,77,wave_A
S1,27860,28000,140,60,3,77,wave_A
S1,28000,28140,140,60,3,77,wave_A
S1,28140,28280,140,60,3,77,wave_A
S1,28280,28420,140,60,3,77,wave_A
S1,28420,28560,140,60,3,77,wave_A
S1,28560,28700,140,60,3,77,wave_A
S1,28700,28840,140,60,3,77,wave_A
S1,28840,28980,140,60,3,77,wave_A
S1,28980,29120,140,60,3,77,wave_A
S1,29120,29260,140,60,3,77,wave_A
S1,29260,29400,140,60,3,77,wave_A
S1,29400,29540,140,60,3,77,wave_A
S1,29540,29680,140,60,3,77,wave_A
S1,29680,29820,140,60,3,77,wave_A
S1,29820,29960,140,60,3,77,wave_A
S1,29960,30100,140,60,3,77,wave_A
S1,30100,30240,140,60,3,77,wave_A
S1,30240,30380,140,60,3,77,wave_A
S1,30380,30520,140,60,3,77,wave_A
S1,30520,30660,140,60,3,77,wave_A
S1,30660,30800,140,60,3,77,wave_A
S1,30800,30940,140,60,3,77,wave_A
S1,30940,31080,140,60,3,77,wave_A
S1,31080,31220,140,60,3,77,wave_A
S1,31220,31360,140,60,3,77,wave_A
S1,31360,31500,140,60,3,77,wave_A
S1,31500,31640,140,60,3,77,wave_A
S1,31640,31780,140,60,3,77,wave_A
S1,31780,31920,140,60,3,77,wave_A
S1,31920,32060,140,60,3,77,wave_A
S1,32060,32200,140,60,3,77,wave_A
S1,32200,32340,140,60,3,77,wave_A
S1,32340,32480,140,60,3,77,wave_A
S1,32480,32620,140,60,3,77,wave_A
S1,32620,32760,140,60,3,77,wave_A
S1,32760,32900,140,60,3,77,wave_A
S1,32900,33040,140,60,3,77,wave_A
S1,33040,33180,140,60,3,77,wave_A
S1,33180,33320,140,60,3,77,wave_A
S1,33320,33460,140,60,3,77,wave_A
S1,33460,33600,140,60,3,77,wave_A
S1,33600,33740,140,60,3,77,wave_A
S1,33740,33880,140,60,3,77,wave_A
S1,33880,34020,140,60,3,77,wave_A
S1,34020,34160,140,60,3,77,wave_A
S1,34160,34300,140,60,3,77,wave_A
S1,34300,34440,140,60,3,77,wave_A
S1,34440,34580,140,60,3,77,wave_A
S1,34580,34720,140,60,3,77,wave_A
S1,34720,34860,140,60,3,77,wave_A
S1,34860,35000,140,60,3,77,wave_A
S1,35000,35140,140,60,3,77,wave_A
S1,35140,35280,140,60,3,77,wave_A
S1,35280,35420,140,60,3,77,wave_A
S1,35420,35560,140,60,3,77,wave_A
S1,35560,35700,140,60,3,77,wave_A
S1,35700,35840,140,60,3,77,wave_A
S1,35840,35980,140,60,3,77,wave_A
S1,35980,36120,140,60,3,77,wave_A
S1,36120,36260,140,60,3,77,wave_A
S1,36260,36400,140,60,3,77,wave_A
S1,36400,36540,140,60,3,77,wave_A
S1,36540,36680,140,60,3,77,wave_A
S1,36680,36820,140,60,3,77,wave_A
S1,36820,36960,140,60,3,77,wave_A
S1,36960,37100,140,60,3,77,wave_A
S1,37100,37240,140,60,3,77,wave_A
S1,37240,37380,140,60,3,77,wave_A
S1,37380,37520,140,60,3,77,wave_A
S1,37520,37660,140,60,3,77,wave_A
S1,37660,37800,140,60,3,77,wave_A
S1,37800,37940,140,60,3,77,wave_A
S1,37940,38080,140,60,3,77,wave_A
S1,38080,38220,140,60,3,77,wave_A
S1,38220,38360,140,60,3,77,wave_A
S1,38360,38500,140,60,3,77,wave_A
S1,38500,38640,140,60,3,77,wave_A
S1,38640,38780,140,60,3,77,wave_A
S1,38780,38920,140,60,3,77,wave_A
S1,38920,39060,140,60,3,77,wave_A
S1,39060,39200,140,60,3,77,wave_A
S1,39200,39340,140,60,3,77,wave_A
S1,39340,39480,140,60,3,77,wave_A
S1,39480,39620,140,60,3,77,wave_A
S1,39620,39760,140,60,3,77,wave_A
S1,39760,39900,140,60,3,77,wave_A
S1,39900,40040,140,60,3,77,wave_A
S1,40040,40180,140,60,3,77,wave_A
S1,40180,40320,140,60,3,77,wave_A
S1,40320,40460,140,60,3,77,wave_A
S1,40460,40600,140,60,3,77,wave_A
S1,40600,40740,140,60,3,77,wave_A
S1,40740,40880,140,60,3,77,wave_A
S1,40880,41020,140,60,3,77,wave_A
S1,41020,41160,140,60,3,77,wave_A
S1,41160,41300,140,60,3,77,wave_A
S1,41300,41440,140,60,3,77,wave_A
S1,41440,41580,140,60,3,77,wave_A
S1,41580,41720,140,60,3,77,wave_A
S1,41720,41860,140,60,3,77,wave_A
S1,41860,42000,140,60,3,77,wave_A
S1,42000,42140,140,60,3,77,wave_A
S1,42140,42280,140,60,3,77,wave_A
S1,42280,42420,140,60,3,77,wave_A
S1,42420,42560,140,60,3,77,wave_A
S1,42560,42700,140,60,3,77,wave_A
S1,42700,42840,140,60,3,77,wave_A
S1,42840,42980,140,60,3,77,wave_A
S1,42980,43120,140,60,3,77,wave_A
S1,43120,43260,140,60,3,77,wave_A
S1,43260,43400,140,60,3,77,wave_A
S1,43400,43540,140,60,3,77,wave_A
S1,43540,43680,140,60,3,77,wave_A
S1,43680,43820,140,60,3,77,wave_A
S1,43820,43960,140,60,3,77,wave_A
S1,43960,44100,140,60,3,77,wave_A
S1,44100,44240,140,60,3,77,wave_A
S1,44240,44380,140,60,3,77,wave_A
S1,44380,44520,140,60,3,77,wave_A
S1,44520,44660,140,60,3,77,wave_A
S1,44660,44800,140,60,3,77,wave_A
S1,44800,44940,140,60,3,77,wave_A
S1,44940,45080,140,60,3,77,wave_A
S1,45080,45220,140,60,3,77,wave_A
S1,45220,45360,140,60,3,77,wave_A
S1,45360,45500,140,60,3,77,wave_A
S1,45500,45640,140,60,3,77,wave_A
S1,45640,45780,140,60,3,77,wave_A
S1,45780,45920,140,60,3,77,wave_A
S1,45920,46060,140,60,3,77,wave_A
S1,46060,46200,140,60,3,77,wave_A
S1,46200,46340,140,60,3,77,wave_A
S1,46340,46480,140,60,3,77,wave_A
S1,46480,46620,140,60,3,77,wave_A
S1,46620,46760,140,60,3,77,wave_A
S1,46760,46900,140,60,3,77,wave_A
S1,46900,47040,140,60,3,77,wave_A
S1,47040,47180,140,60,3,77,wave_A
S1,47180,47320,140,60,3,77,wave_A
S1,47320,47460,140,60,3,77,wave_A
S1,47460,47600,140,60,3,77,wave_A
S1,47600,47740,140,60,3,77,wave_A
S1,47740,47880,140,60,3,77,wave_A
S1,47880,48020,140,60,3,77,wave_A
S1,48020,48160,140,60,3,77,wave_A
S1,48160,48300,140,60,3,77,wave_A
S1,48300,48440,140,60,3,77,wave_A
S1,48440,48580,140,60,3,77,wave_A
S1,48580,48720,140,60,3,77,wave_A
S1,48720,48860,140,60,3,77,wave_A
S1,48860,49000,140,60,3,77,wave_A
S1,49000,49140,140,60,3,77,wave_A
S1,49140,49280,140,60,3,77,wave_A
S1,49280,49420,140,60,3,77,wave_A
S1,49420,49560,140,60,3,77,wave_A
S1,49560,49700,140,60,3,77,wave_A
S1,49700,49840,140,60,3,77,wave_A
S1,49840,49980,140,60,3,77,wave_A
S1,49980,50120,140,60,3,77,wave_A
S1,50120,50260,140,60,3,77,wave_A
S1,50260,50400,140,60,3,77,wave_A
S1,50400,50540,140,60,3,77,wave_A
S1,50540,50680,140,60,3,77,wave_A
S1,50680,50820,140,60,3,77,wave_A
S1,50820,50960,140,60,3,77,wave_A
S1,50960,51100,140,60,3,77,wave_A
S1,51100,51240,140,60,3,77,wave_A
S1,51240,51380,140,60,3,77,wave_A
S1,51380,51520,140,60,3,77,wave_A
S1,51520,51660,140,60,3,77,wave_A
S1,51660,51800,140,60,3,77,wave_A
S1,51800,51940,140,60,3,77,wave_A
S1,51940,52080,140,60,3,77,wave_A
S1,52080,52220,140,60,3,77,wave_A
S1,52220,52360,140,60,3,77,wave_A
S1,52360,52500,140,60,3,77,wave_A
S1,52500,52640,140,60,3,77,wave_A
S1,52640,52780,140,60,3,77,wave_A
S1,52780,52920,140,60,3,77,wave_A
S1,52920,53060,140,60,3,77,wave_A
S1,53060,53200,140,60,3,77,wave_A
S1,53200,53340,140,60,3,77,wave_A
S1,53340,53480,140,60,3,77,wave_A
S1,53480,53620,140,60,3,77,wave_A
S1,53620,53760,140,60,3,77,wave_A
S1,53760,53900,140,60,3,77,wave_A
S1,53900,54040,140,60,3,77,wave_A
S1,54040,54180,140,60,3,77,wave_A
S1,54180,54320,140,60,3,77,wave_A
S1,54320,54460,140,60,3,77,wave_A
S1,54460,54600,140,60,3,77,wave_A
S1,54600,54740,140,60,3,77,wave_A
S1,54740,54880,140,60,3,77,wave_A
S1,54880,55020,140,60,3,77,wave_A
S1,55020,55160,140,60,3,77,wave_A
S1,55160,55300,140,60,3,77,wave_A
S1,55300,55440,140,60,3,77,wave_A
S1,55440,55580,140,60,3,77,wave_A
S1,55580,55720,140,60,3,77,wave_A
S1,55720,55860,140,60,3,77,wave_A
S1,55860,56000,140,60,3,77,wave_A
S1,56000,56140,140,60,3,77,wave_A
S1,56140,56280,140,60,3,77,wave_A
S1,56280,56420,140,60,3,77,wave_A
S1,56420,56560,140,60,3,77,wave_A
S1,56560,56700,140,60,3,77,wave_A
S1,56700,56840,140,60,3,77,wave_A
S1,56840,56980,140,60,3,77,wave_A
S1,56980,57120,140,60,3,77,wave_A
S1,57120,57260,140,60,3,77,wave_A
S1,57260,57400,140,60,3,77,wave_A
S1,57400,57540,140,60,3,77,wave_A
S1,57540,57680,140,60,3,77,wave_A
S2,-122,18,140,40,3,97,wave_A
S2,18,158,140,40,3,97,wave_A
S2,158,298,140,40,3,97,wave_A
S2,298,438,140,40,3,97,wave_A
S2,438,578,140,40,3,97,wave_A
S2,578,718,140,40,3,97,wave_A
S2,718,858,140,40,3,97,wave_A
S2,858,998,140,40,3,97,wave_A
S2,998,1138,140,40,3,97,wave_A
S2,1138,1278,140,40,3,97,wave_A
S2,1278,1418,140,40,3,97,wave_A
S2,1418,1558,140,40,3,97,wave_A
S2,1558,1698,140,40,3,97,wave_A
S2,1698,1838,140,40,3,97,wave_A
S2,1838,1978,140,40,3,97,wave_A
S2,1978,2118,140,40,3,97,wave_A
S2,2118,2258,140,40,3,97,wave_A
S2,2258,2398,140,40,3,97,wave_A
S2,2398,2538,140,40,3,97,wave_A
S2,2538,2678,140,40,3,97,wave_A
S2,2678,2818,140,40,3,97,wave_A
S2,2818,2958,140,40,3,97,wave_A
S2,2958,3098,140,40,3,97,wave_A
S2,3098,3238,140,40,3,97,wave_A
S2,3238,3378,140,40,3,97,wave_A
S2,3378,3518,140,40,3,97,wave_A
S2,3518,3658,140,40,3,97,wave_A
S2,3658,3798,140,40,3,97,wave_A
S2,3798,3938,140,40,3,97,wave_A
S2,3938,4078,140,40,3,97,wave_A
S2,4078,4218,140,40,3,97,wave_A
S2,4218,4358,140,40,3,97,wave_A
S2,4358,4498,140,40,3,97,wave_A
S2,4498,4638,140,40,3,97,wave_A
S2,4638,4778,140,40,3,97,wave_A
S2,4778,4918,140,40,3,97,wave_A
S2,4918,5058,140,40,3,97,wave_A
S2,5058,5198,140,40,3,97,wave_A
S2,5198,5338,140,40,3,97,wave_A
S2,5338,5478,140,40,3,97,wave_A
S2,5478,5618,140,40,3,97,wave_A
S2,5618,5758,140,40,3,97,wave_A
S2,5758,5898,140,40,3,97,wave_A
S2,5898,6038,140,40,3,97,wave_A
S2,6038,6178,140,40,3,97,wave_A
S2,6178,6318,140,40,3,97,wave_A
S2,6318,6458,140,40,3,97,wave_A
S2,6458,6598,140,40,3,97,wave_A
S2,6598,6738,140,40,3,97,wave_A
S2,6738,6878,140,40,3,97,wave_A
S2,6878,7018,140,40,3,97,wave_A
S2,7018,7158,140,40,3,97,wave_A
S2,7158,7298,140,40,3,97,wave_A
S2,7298,7438,140,40,3,97,wave_A
S2,7438,7578,140,40,3,97,wave_A
S2,7578,7718,140,40,3,97,wave_A
S2,7718,7858,140,40,3,97,wave_A
S2,7858,7998,140,40,3,97,wave_A
S2,7998,8138,140,40,3,97,wave_A
S2,8138,8278,140,40,3,97,wave_A
S2,8278,8418,140,40,3,97,wave_A
S2,8418,8558,140,40,3,97,wave_A
S2,8558,8698,140,40,3,97,wave_A
S2,8698,8838,140,40,3,97,wave_A
S2,8838,8978,140,40,3,97,wave_A
S2,8978,9118,140,40,3,97,wave_A
S2,9118,9258,140,40,3,97,wave_A
S2,9258,9398,140,40,3,97,wave_A
S2,9398,9538,140,40,3,97,wave_A
S2,9538,9678,140,40,3,97,wave_A
S2,9678,9818,140,40,3,97,wave_A
S2,9818,9958,140,40,3,97,wave_A
S2,9958,10098,140,40,3,97,wave_A
S2,10098,10238,140,40,3,97,wave_A
S2,10238,10378,140,40,3,97,wave_A
S2,10378,10518,140,40,3,97,wave_A
S2,10518,10658,140,40,3,97,wave_A
S2,10658,10798,140,40,3,97,wave_A
S2,10798,10938,140,40,3,97,wave_A
S2,10938,11078,140,40,3,97,wave_A
S2,11078,11218,140,40,3,97,wave_A
S2,11218,11358,140,40,3,97,wave_A
S2,11358,11498,140,40,3,97,wave_A
S2,11498,11638,140,40,3,97,wave_A
S2,11638,11778,140,40,3,97,wave_A
S2,11778,11918,140,40,3,97,wave_A
S2,11918,12058,140,40,3,97,wave_A
S2,12058,12198,140,40,3,97,wave_A
S2,12198,12338,140,40,3,97,wave_A
S2,12338,12478,140,40,3,97,wave_A
S2,12478,12618,140,40,3,97,wave_A
S2,12618,12758,140,40,3,97,wave_A
S2,12758,12898,140,40,3,97,wave_A
S2,12898,13038,140,40,3,97,wave_A
S2,13038,13178,140,40,3,97,wave_A
S2,13178,13318,140,40,3,97,wave_A
S2,13318,13458,140,40,3,97,wave_A
S2,13458,13598,140,40,3,97,wave_A
S2,13598,13738,140,40,3,97,wave_A
S2,13738,13878,140,40,3,97,wave_A
S2,13878,14018,140,40,3,97,wave_A
S2,14018,14158,140,40,3,97,wave_A
S2,14158,14298,140,40,3,97,wave_A
S2,14298,14438,140,40,3,97,wave_A
S2,14438,14578,140,40,3,97,wave_A
S2,14578,14718,140,40,3,97,wave_A
S2,14718,14858,140,40,3,97,wave_A
S2,14858,14998,140,40,3,97,wave_A
S2,14998,15138,140,40,3,97,wave_A
S2,15138,15278,140,40,3,97,wave_A
S2,15278,15418,140,40,3,97,wave_A
S2,15418,15558,140,40,3,97,wave_A
S2,15558,15698,140,40,3,97,wave_A
S2,15698,15838,140,40,3,97,wave_A
S2,15838,15978,140,40,3,97,wave_A
S2,15978,16118,140,40,3,97,wave_A
S2,16118,16258,140,40,3,97,wave_A
S2,16258,16398,140,40,3,97,wave_A
S2,16398,16538,140,40,3,97,wave_A
S2,16538,16678,140,40,3,97,wave_A
S2,16678,16818,140,40,3,97,wave_A
S2,16818,16958,140,40,3,97,wave_A
S2,16958,17098,140,40,3,97,wave_A
S2,17098,17238,140,40,3,97,wave_A
S2,17238,17378,140,40,3,97,wave_A
S2,17378,17518,140,40,3,97,wave_A
S2,17518,17658,140,40,3,97,wave_A
S2,17658,17798,140,40,3,97,wave_A
S2,17798,17938,140,40,3,97,wave_A
S2,17938,18078,140,40,3,97,wave_A
S2,18078,18218,140,40,3,97,wave_A
S2,18218,18358,140,40,3,97,wave_A
S2,18358,18498,140,40,3,97,wave_A
S2,18498,18638,140,40,3,97,wave_A
S2,18638,18778,140,40,3,97,wave_A
S2,18778,18918,140,40,3,97,wave_A
S2,18918,19058,140,40,3,97,wave_A
S2,19058,19198,140,40,3,97,wave_A
S2,19198,19338,140,40,3,97,wave_A
S2,19338,19478,140,40,3,97,wave_A
S2,19478,19618,140,40,3,97,wave_A
S2,19618,19758,140,40,3,97,wave_A
S2,19758,19898,140,40,3,97,wave_A
S2,19898,20038,140,40,3,97,wave_A
S2,20038,20178,140,40,3,97,wave_A
S2,20178,20318,140,40,3,97,wave_A
S2,20318,20458,140,40,3,97,wave_A
S2,20458,20598,140,40,3,97,wave_A
S2,20598,20738,140,40,3,97,wave_A
S2,20738,20878,140,40,3,97,wave_A
S2,20878,21018,140,40,3,97,wave_A
S2,21018,21158,140,40,3,97,wave_A
S2,21158,21298,140,40,3,97,wave_A
S2,21298,21438,140,40,3,97,wave_A
S2,21438,21578,140,40,3,97,wave_A
S2,21578,21718,140,40,3,97,wave_A
S2,21718,21858,140,40,3,97,wave_A
S2,21858,21998,140,40,3,97,wave_A
S2,21998,22138,140,40,3,97,wave_A
S2,22138,22278,140,40,3,97,wave_A
S2,22278,22418,140,40,3,97,wave_A
S2,22418,22558,140,40,3,97,wave_A
S2,22558,22698,140,40,3,97,wave_A
S2,22698,22838,140,40,3,97,wave_A
S2,22838,22978,140,40,3,97,wave_A
S2,22978,23118,140,40,3,97,wave_A
S2,23118,23258,140,40,3,97,wave_A
S2,23258,23398,140,40,3,97,wave_A
S2,23398,23538,140,40,3,97,wave_A
S2,23538,23678,140,40,3,97,wave_A
S2,23678,23818,140,40,3,97,wave_A
S2,23818,23958,140,40,3,97,wave_A
S2,23958,24098,140,40,3,97,wave_A
S2,24098,24238,140,40,3,97,wave_A
S2,24238,24378,140,40,3,97,wave_A
S2,24378,24518,140,40,3,97,wave_A
S2,24518,24658,140,40,3,97,wave_A
S2,24658,24798,140,40,3,97,wave_A
S2,24798,24938,140,40,3,97,wave_A
S2,24938,25078,140,40,3,97,wave_A
S2,25078,25218,140,40,3,97,wave_A
S2,25218,25358,140,40,3,97,wave_A
S2,25358,25498,140,40,3,97,wave_A
S2,25498,25638,140,40,3,97,wave_A
S2,25638,25778,140,40,3,97,wave_A
S2,25778,25918,140,40,3,97,wave_A
S2,25918,26058,140,40,3,97,wave_A
S2,26058,26198,140,40,3,97,wave_A
S2,26198,26338,140,40,3,97,wave_A
S2,26338,26478,140,40,3,97,wave_A
S2,26478,26618,140,40,3,97,wave_A
S2,26618,26758,140,40,3,97,wave_A
S2,26758,26898,140,40,3,97,wave_A
S2,26898,27038,140,40,3,97,wave_A
S2,27038,27178,140,40,3,97,wave_A
S2,27178,27318,140,40,3,97,wave_A
S2,27318,27458,140,40,3,97,wave_A
S2,27458,27598,140,40,3,97,wave_A
S2,27598,27738,140,40,3,97,wave_A
S2,27738,27878,140,40,3,97,wave_A
S2,27878,28018,140,40,3,97,wave_A
S2,28018,28158,140,40,3,97,wave_A
S2,28158,28298,140,40,3,97,wave_A
S2,28298,28438,140,40,3,97,wave_A
S2,28438,28578,140,40,3,97,wave_A
S2,28578,28718,140,40,3,97,wave_A
S2,28718,28858,140,40,3,97,wave_A
S2,28858,28998,140,40,3,97,wave_A
S2,28998,29138,140,40,3,97,wave_A
S2,29138,29278,140,40,3,97,wave_A
S2,29278,29418,140,40,3,97,wave_A
S2,29418,29558,140,40,3,97,wave_A
S2,29558,29698,140,40,3,97,wave_A
S2,29698,29838,140,40,3,97,wave_A
S2,29838,29978,140,40,3,97,wave_A
S2,29978,30118,140,40,3,97,wave_A
S2,30118,30258,140,40,3,97,wave_A
S2,30258,30398,140,40,3,97,wave_A
S2,30398,30538,140,40,3,97,wave_A
S2,30538,30678,140,40,3,97,wave_A
S2,30678,30818,140,40,3,97,wave_A
S2,30818,30958,140,40,3,97,wave_A
S2,30958,31098,140,40,3,97,wave_A
S2,31098,31238,140,40,3,97,wave_A
S2,31238,31378,140,40,3,97,wave_A
S2,31378,31518,140,40,3,97,wave_A
S2,31518,31658,140,40,3,97,wave_A
S2,31658,31798,140,40,3,97,wave_A
S2,31798,31938,140,40,3,97,wave_A
S2,31938,32078,140,40,3,97,wave_A
S2,32078,32218,140,40,3,97,wave_A
S2,32218,32358,140,40,3,97,wave_A
S2,32358,32498,140,40,3,97,wave_A
S2,32498,32638,140,40,3,97,wave_A
S2,32638,32778,140,40,3,97,wave_A
S2,32778,32918,140,40,3,97,wave_A
S2,32918,33058,140,40,3,97,wave_A
S2,33058,33198,140,40,3,97,wave_A
S2,33198,33338,140,40,3,97,wave_A
S2,33338,33478,140,40,3,97,wave_A
S2,33478,33618,140,40,3,97,wave_A
S2,33618,33758,140,40,3,97,wave_A
S2,33758,33898,140,40,3,97,wave_A
S2,33898,34038,140,40,3,97,wave_A
S2,34038,34178,140,40,3,97,wave_A
S2,34178,34318,140,40,3,97,wave_A
S2,34318,34458,140,40,3,97,wave_A
S2,34458,34598,140,40,3,97,wave_A
S2,34598,34738,140,40,3,97,wave_A
S2,34738,34878,140,40,3,97,wave_A
S2,34878,35018,140,40,3,97,wave_A
S2,35018,35158,140,40,3,97,wave_A
S2,35158,35298,140,40,3,97,wave_A
S2,35298,35438,140,40,3,97,wave_A
S2,35438,35578,140,40,3,97,wave_A
S2,35578,35718,140,40,3,97,wave_A
S2,35718,35858,140,40,3,97,wave_A
S2,35858,35998,140,40,3,97,wave_A
S2,35998,36138,140,40,3,97,wave_A
S2,36138,36278,140,40,3,97,wave_A
S2,36278,36418,140,40,3,97,wave_A
S2,36418,36558,140,40,3,97,wave_A
S2,36558,36698,140,40,3,97,wave_A
S2,36698,36838,140,40,3,97,wave_A
S2,36838,36978,140,40,3,97,wave_A
S2,36978,37118,140,40,3,97,wave_A
S2,37118,37258,140,40,3,97,wave_A
S2,37258,37398,140,40,3,97,wave_A
S2,37398,37538,140,40,3,97,wave_A
S2,37538,37678,140,40,3,97,wave_A
S2,37678,37818,140,40,3,97,wave_A
S2,37818,37958,140,40,3,97,wave_A
S2,37958,38098,140,40,3,97,wave_A
S2,38098,38238,140,40,3,97,wave_A
S2,38238,38378,140,40,3,97,wave_A
S2,38378,38518,140,40,3,97,wave_A
S2,38518,38658,140,40,3,97,wave_A
S2,38658,38798,140,40,3,97,wave_A
S2,38798,38938,140,40,3,97,wave_A
S2,38938,39078,140,40,3,97,wave_A
S2,39078,39218,140,40,3,97,wave_A
S2,39218,39358,140,40,3,97,wave_A
S2,39358,39498,140,40,3,97,wave_A
S2,39498,39638,140,40,3,97,wave_A
S2,39638,39778,140,40,3,97,wave_A
S2,39778,39918,140,40,3,97,wave_A
S2,39918,40058,140,40,3,97,wave_A
S2,40058,40198,140,40,3,97,wave_A
S2,40198,40338,140,40,3,97,wave_A
S2,40338,40478,140,40,3,97,wave_A
S2,40478,40618,140,40,3,97,wave_A
S2,40618,40758,140,40,3,97,wave_A
S2,40758,40898,140,40,3,97,wave_A
S2,40898,41038,140,40,3,97,wave_A
S2,41038,41178,140,40,3,97,wave_A
S2,41178,41318,140,40,3,97,wave_A
S2,41318,41458,140,40,3,97,wave_A
S2,41458,41598,140,40,3,97,wave_A
S2,41598,41738,140,40,3,97,wave_A
S2,41738,41878,140,40,3,97,wave_A
S2,41878,42018,140,40,3,97,wave_A
S2,42018,42158,140,40,3,97,wave_A
S2,42158,42298,140,40,3,97,wave_A
S2,42298,42438,140,40,3,97,wave_A
S2,42438,42578,140,40,3,97,wave_A
S2,42578,42718,140,40,3,97,wave_A
S2,42718,42858,140,40,3,97,wave_A
S2,42858,42998,140,40,3,97,wave_A
S2,42998,43138,140,40,3,97,wave_A
S2,43138,43278,140,40,3,97,wave_A
S2,43278,43418,140,40,3,97,wave_A
S2,43418,43558,140,40,3,97,wave_A
S2,43558,43698,140,40,3,97,wave_A
S2,43698,43838,140,40,3,97,wave_A
S2,43838,43978,140,40,3,97,wave_A
S2,43978,44118,140,40,3,97,wave_A
S2,44118,44258,140,40,3,97,wave_A
S2,44258,44398,140,40,3,97,wave_A
S2,44398,44538,140,40,3,97,wave_A
S2,44538,44678,140,40,3,97,wave_A
S2,44678,44818,140,40,3,97,wave_A
S2,44818,44958,140,40,3,97,wave_A
S2,44958,45098,140,40,3,97,wave_A
S2,45098,45238,140,40,3,97,wave_A
S2,45238,45378,140,40,3,97,wave_A
S2,45378,45518,140,40,3,97,wave_A
S2,45518,45658,140,40,3,97,wave_A
S2,45658,45798,140,40,3,97,wave_A
S2,45798,45938,140,40,3,97,wave_A
S2,45938,46078,140,40,3,97,wave_A
S2,46078,46218,140,40,3,97,wave_A
S2,46218,46358,140,40,3,97,wave_A
S2,46358,46498,140,40,3,97,wave_A
S2,46498,46638,140,40,3,97,wave_A
S2,46638,46778,140,40,3,97,wave_A
S2,46778,46918,140,40,3,97,wave_A
S2,46918,47058,140,40,3,97,wave_A
S2,47058,47198,140,40,3,97,wave_A
S2,47198,47338,140,40,3,97,wave_A
S2,47338,47478,140,40,3,97,wave_A
S2,47478,47618,140,40,3,97,wave_A
S2,47618,47758,140,40,3,97,wave_A
S2,47758,47898,140,40,3,97,wave_A
S2,47898,48038,140,40,3,97,wave_A
S2,48038,48178,140,40,3,97,wave_A
S2,48178,48318,140,40,3,97,wave_A
S2,48318,48458,140,40,3,97,wave_A
S2,48458,48598,140,40,3,97,wave_A
S2,48598,48738,140,40,3,97,wave_A
S2,48738,48878,140,40,3,97,wave_A
S2,48878,49018,140,40,3,97,wave_A
S2,49018,49158,140,40,3,97,wave_A
S2,49158,49298,140,40,3,97,wave_A
S2,49298,49438,140,40,3,97,wave_A
S2,49438,49578,140,40,3,97,wave_A
S2,49578,49718,140,40,3,97,wave_A
S2,49718,49858,140,40,3,97,wave_A
S2,49858,49998,140,40,3,97,wave_A
S2,49998,50138,140,40,3,97,wave_A
S2,50138,50278,140,40,3,97,wave_A
S2,50278,50418,140,40,3,97,wave_A
S2,50418,50558,140,40,3,97,wave_A
S2,50558,50698,140,40,3,97,wave_A
S2,50698,50838,140,40,3,97,wave_A
S2,50838,50978,140,40,3,97,wave_A
S2,50978,51118,140,40,3,97,wave_A
S2,51118,51258,140,40,3,97,wave_A
S2,51258,51398,140,40,3,97,wave_A
S2,51398,51538,140,40,3,97,wave_A
S2,51538,51678,140,40,3,97,wave_A
S2,51678,51818,140,40,3,97,wave_A
S2,51818,51958,140,40,3,97,wave_A
S2,51958,52098,140,40,3,97,wave_A
S2,52098,52238,140,40,3,97,wave_A
S2,52238,52378,140,40,3,97,wave_A
S2,52378,52518,140,40,3,97,wave_A
S2,52518,52658,140,40,3,97,wave_A
S2,52658,52798,140,40,3,97,wave_A
S2,52798,52938,140,40,3,97,wave_A
S2,52938,53078,140,40,3,97,wave_A
S2,53078,53218,140,40,3,97,wave_A
S2,53218,53358,140,40,3,97,wave_A
S2,53358,53498,140,40,3,97,wave_A
S2,53498,53638,140,40,3,97,wave_A
S2,53638,53778,140,40,3,97,wave_A
S2,53778,53918,140,40,3,97,wave_A
S2,53918,54058,140,40,3,97,wave_A
S2,54058,54198,140,40,3,97,wave_A
S2,54198,54338,140,40,3,97,wave_A
S2,54338,54478,140,40,3,97,wave_A
S2,54478,54618,140,40,3,97,wave_A
S2,54618,54758,140,40,3,97,wave_A
S2,54758,54898,140,40,3,97,wave_A
S2,54898,55038,140,40,3,97,wave_A
S2,55038,55178,140,40,3,97,wave_A
S2,55178,55318,140,40,3,97,wave_A
S2,55318,55458,140,40,3,97,wave_A
S2,55458,55598,140,40,3,97,wave_A
S2,55598,55738,140,40,3,97,wave_A
S2,55738,55878,140,40,3,97,wave_A
S2,55878,56018,140,40,3,97,wave_A
S2,56018,56158,140,40,3,97,wave_A
S2,56158,56298,140,40,3,97,wave_A
S2,56298,56438,140,40,3,97,wave_A
S2,56438,56578,140,40,3,97,wave_A
S2,56578,56718,140,40,3,97,wave_A
S2,56718,56858,140,40,3,97,wave_A
S2,56858,56998,140,40,3,97,wave_A
S2,56998,57138,140,40,3,97,wave_A
S2,57138,57278,140,40,3,97,wave_A
S2,57278,57418,140,40,3,97,wave_A
S2,57418,57558,140,40,3,97,wave_A
S2,57558,57698,140,40,3,97,wave_A
S3,-95,45,140,55,3,82,wave_A
S3,45,185,140,55,3,82,wave_A
S3,185,325,140,55,3,82,wave_A
S3,325,465,140,55,3,82,wave_A
S3,465,605,140,55,3,82,wave_A
S3,605,745,140,55,3,82,wave_A
S3,745,885,140,55,3,82,wave_A
S3,885,1025,140,55,3,82,wave_A
S3,1025,1165,140,55,3,82,wave_A
S3,1165,1305,140,55,3,82,wave_A
S3,1305,1445,140,55,3,82,wave_A
S3,1445,1585,140,55,3,82,wave_A
S3,1585,1725,140,55,3,82,wave_A
S3,1725,1865,140,55,3,82,wave_A
S3,1865,2005,140,55,3,82,wave_A
S3,2005,2145,140,55,3,82,wave_A
S3,2145,2285,140,55,3,82,wave_A
S3,2285,2425,140,55,3,82,wave_A
S3,2425,2565,140,55,3,82,wave_A
S3,2565,2705,140,55,3,82,wave_A
S3,2705,2845,140,55,3,82,wave_A
S3,2845,2985,140,55,3,82,wave_A
S3,2985,3125,140,55,3,82,wave_A
S3,3125,3265,140,55,3,82,wave_A
S3,3265,3405,140,55,3,82,wave_A
S3,3405,3545,140,55,3,82,wave_A
S3,3545,3685,140,55,3,82,wave_A
S3,3685,3825,140,55,3,82,wave_A
S3,3825,3965,140,55,3,82,wave_A
S3,3965,4105,140,55,3,82,wave_A
S3,4105,4245,140,55,3,82,wave_A
S3,4245,4385,140,55,3,82,wave_A
S3,4385,4525,140,55,3,82,wave_A
S3,4525,4665,140,55,3,82,wave_A
S3,4665,4805,140,55,3,82,wave_A
S3,4805,4945,140,55,3,82,wave_A
S3,4945,5085,140,55,3,82,wave_A
S3,5085,5225,140,55,3,82,wave_A
S3,5225,5365,140,55,3,82,wave_A
S3,5365,5505,140,55,3,82,wave_A
S3,5505,5645,140,55,3,82,wave_A
S3,5645,5785,140,55,3,82,wave_A
S3,5785,5925,140,55,3,82,wave_A
S3,5925,6065,140,55,3,82,wave_A
S3,6065,6205,140,55,3,82,wave_A
S3,6205,6345,140,55,3,82,wave_A
S3,6345,6485,140,55,3,82,wave_A
S3,6485,6625,140,55,3,82,wave_A
S3,6625,6765,140,55,3,82,wave_A
S3,6765,6905,140,55,3,82,wave_A
S3,6905,7045,140,55,3,82,wave_A
S3,7045,7185,140,55,3,82,wave_A
S3,7185,7325,140,55,3,82,wave_A
S3,7325,7465,140,55,3,82,wave_A
S3,7465,7605,140,55,3,82,wave_A
S3,7605,7745,140,55,3,82,wave_A
S3,7745,7885,140,55,3,82,wave_A
S3,7885,8025,140,55,3,82,wave_A
S3,8025,8165,140,55,3,82,wave_A
S3,8165,8305,140,55,3,82,wave_A
S3,8305,8445,140,55,3,82,wave_A
S3,8445,8585,140,55,3,82,wave_A
S3,8585,8725,140,55,3,82,wave_A
S3,8725,8865,140,55,3,82,wave_A
S3,8865,9005,140,55,3,82,wave_A
S3,9005,9145,140,55,3,82,wave_A
S3,9145,9285,140,55,3,82,wave_A
S3,9285,9425,140,55,3,82,wave_A
S3,9425,9565,140,55,3,82,wave_A
S3,9565,9705,140,55,3,82,wave_A
S3,9705,9845,140,55,3,82,wave_A
S3,9845,9985,140,55,3,82,wave_A
S3,9985,10125,140,55,3,82,wave_A
S3,10125,10265,140,55,3,82,wave_A
S3,10265,10405,140,55,3,82,wave_A
S3,10405,10545,140,55,3,82,wave_A
S3,10545,10685,140,55,3,82,wave_A
S3,10685,10825,140,55,3,82,wave_A
S3,10825,10965,140,55,3,82,wave_A
S3,10965,11105,140,55,3,82,wave_A
S3,11105,11245,140,55,3,82,wave_A
S3,11245,11385,140,55,3,82,wave_A
S3,11385,11525,140,55,3,82,wave_A
S3,11525,11665,140,55,3,82,wave_A
S3,11665,11805,140,55,3,82,wave_A
S3,11805,11945,140,55,3,82,wave_A
S3,11945,12085,140,55,3,82,wave_A
S3,12085,12225,140,55,3,82,wave_A
S3,12225,12365,140,55,3,82,wave_A
S3,12365,12505,140,55,3,82,wave_A
S3,12505,12645,140,55,3,82,wave_A
S3,12645,12785,140,55,3,82,wave_A
S3,12785,12925,140,55,3,82,wave_A
S3,12925,13065,140,55,3,82,wave_A
S3,13065,13205,140,55,3,82,wave_A
S3,13205,13345,140,55,3,82,wave_A
S3,13345,13485,140,55,3,82,wave_A
S3,13485,13625,140,55,3,82,wave_A
S3,13625,13765,140,55,3,82,wave_A
S3,13765,13905,140,55,3,82,wave_A
S3,13905,14045,140,55,3,82,wave_A
S3,14045,14185,140,55,3,82,wave_A
S3,14185,14325,140,55,3,82,wave_A
S3,14325,14465,140,55,3,82,wave_A
S3,14465,14605,140,55,3,82,wave_A
S3,14605,14745,140,55,3,82,wave_A
S3,14745,14885,140,55,3,82,wave_A
S3,14885,15025,140,55,3,82,wave_A
S3,15025,15165,140,55,3,82,wave_A
S3,15165,15305,140,55,3,82,wave_A
S3,15305,15445,140,55,3,82,wave_A
S3,15445,15585,140,55,3,82,wave_A
S3,15585,15725,140,55,3,82,wave_A
S3,15725,15865,140,55,3,82,wave_A
S3,15865,16005,140,55,3,82,wave_A
S3,16005,16145,140,55,3,82,wave_A
S3,16145,16285,140,55,3,82,wave_A
S3,16285,16425,140,55,3,82,wave_A
S3,16425,16565,140,55,3,82,wave_A
S3,16565,16705,140,55,3,82,wave_A
S3,16705,16845,140,55,3,82,wave_A
S3,16845,16985,140,55,3,82,wave_A
S3,16985,17125,140,55,3,82,wave_A
S3,17125,17265,140,55,3,82,wave_A
S3,17265,17405,140,55,3,82,wave_A
S3,17405,17545,140,55,3,82,wave_A
S3,17545,17685,140,55,3,82,wave_A
S3,17685,17825,140,55,3,82,wave_A
S3,17825,17965,140,55,3,82,wave_A
S3,17965,18105,140,55,3,82,wave_A
S3,18105,18245,140,55,3,82,wave_A
S3,18245,18385,140,55,3,82,wave_A
S3,18385,18525,140,55,3,82,wave_A
S3,18525,18665,140,55,3,82,wave_A
S3,18665,18805,140,55,3,82,wave_A
S3,18805,18945,140,55,3,82,wave_A
S3,18945,19085,140,55,3,82,wave_A
S3,19085,19225,140,55,3,82,wave_A
S3,19225,19365,140,55,3,82,wave_A
S3,19365,19505,140,55,3,82,wave_A
S3,19505,19645,140,55,3,82,wave_A
S3,19645,19785,140,55,3,82,wave_A
S3,19785,19925,140,55,3,82,wave_A
S3,19925,20065,140,55,3,82,wave_A
S3,20065,20205,140,55,3,82,wave_A
S3,20205,20345,140,55,3,82,wave_A
S3,20345,20485,140,55,3,82,wave_A
S3,20485,20625,140,55,3,82,wave_A
S3,20625,20765,140,55,3,82,wave_A
S3,20765,20905,140,55,3,82,wave_A
S3,20905,21045,140,55,3,82,wave_A
S3,21045,21185,140,55,3,82,wave_A
S3,21185,21325,140,55,3,82,wave_A
S3,21325,21465,140,55,3,82,wave_A
S3,21465,21605,140,55,3,82,wave_A
S3,21605,21745,140,55,3,82,wave_A
S3,21745,21885,140,55,3,82,wave_A
S3,21885,22025,140,55,3,82,wave_A
S3,22025,22165,140,55,3,82,wave_A
S3,22165,22305,140,55,3,82,wave_A
S3,22305,22445,140,55,3,82,wave_A
S3,22445,22585,140,55,3,82,wave_A
S3,22585,22725,140,55,3,82,wave_A
S3,22725,22865,140,55,3,82,wave_A
S3,22865,23005,140,55,3,82,wave_A
S3,23005,23145,140,55,3,82,wave_A
S3,23145,23285,140,55,3,82,wave_A
S3,23285,23425,140,55,3,82,wave_A
S3,23425,23565,140,55,3,82,wave_A
S3,23565,23705,140,55,3,82,wave_A
S3,23705,23845,140,55,3,82,wave_A
S3,23845,23985,140,55,3,82,wave_A
S3,23985,24125,140,55,3,82,wave_A
S3,24125,24265,140,55,3,82,wave_A
S3,24265,24405,140,55,3,82,wave_A
S3,24405,24545,140,55,3,82,wave_A
S3,24545,24685,140,55,3,82,wave_A
S3,24685,24825,140,55,3,82,wave_A
S3,24825,24965,140,55,3,82,wave_A
S3,24965,25105,140,55,3,82,wave_A
S3,25105,25245,140,55,3,82,wave_A
S3,25245,25385,140,55,3,82,wave_A
S3,25385,25525,140,55,3,82,wave_A
S3,25525,25665,140,55,3,82,wave_A
S3,25665,25805,140,55,3,82,wave_A
S3,25805,25945,140,55,3,82,wave_A
S3,25945,26085,140,55,3,82,wave_A
S3,26085,26225,140,55,3,82,wave_A
S3,26225,26365,140,55,3,82,wave_A
S3,26365,26505,140,55,3,82,wave_A
S3,26505,26645,140,55,3,82,wave_A
S3,26645,26785,140,55,3,82,wave_A
S3,26785,26925,140,55,3,82,wave_A
S3,26925,27065,140,55,3,82,wave_A
S3,27065,27205,140,55,3,82,wave_A
S3,27205,27345,140,55,3,82,wave_A
S3,27345,27485,140,55,3,82,wave_A
S3,27485,27625,140,55,3,82,wave_A
S3,27625,27765,140,55,3,82,wave_A
S3,27765,27905,140,55,3,82,wave_A
S3,27905,28045,140,55,3,82,wave_A
S3,28045,28185,140,55,3,82,wave_A
S3,28185,28325,140,55,3,82,wave_A
S3,28325,28465,140,55,3,82,wave_A
S3,28465,28605,140,55,3,82,wave_A
S3,28605,28745,140,55,3,82,wave_A
S3,28745,28885,140,55,3,82,wave_A
S3,28885,29025,140,55,3,82,wave_A
S3,29025,29165,140,55,3,82,wave_A
S3,29165,29305,140,55,3,82,wave_A
S3,29305,29445,140,55,3,82,wave_A
S3,29445,29585,140,55,3,82,wave_A
S3,29585,29725,140,55,3,82,wave_A
S3,29725,29865,140,55,3,82,wave_A
S3,29865,30005,140,55,3,82,wave_A
S3,30005,30145,140,55,3,82,wave_A
S3,30145,30285,140,55,3,82,wave_A
S3,30285,30425,140,55,3,82,wave_A
S3,30425,30565,140,55,3,82,wave_A
S3,30565,30705,140,55,3,82,wave_A
S3,30705,30845,140,55,3,82,wave_A
S3,30845,30985,140,55,3,82,wave_A
S3,30985,31125,140,55,3,82,wave_A
S3,31125,31265,140,55,3,82,wave_A
S3,31265,31405,140,55,3,82,wave_A
S3,31405,31545,140,55,3,82,wave_A
S3,31545,31685,140,55,3,82,wave_A
S3,31685,31825,140,55,3,82,wave_A
S3,31825,31965,140,55,3,82,wave_A
S3,31965,32105,140,55,3,82,wave_A
S3,32105,32245,140,55,3,82,wave_A
S3,32245,32385,140,55,3,82,wave_A
S3,32385,32525,140,55,3,82,wave_A
S3,32525,32665,140,55,3,82,wave_A
S3,32665,32805,140,55,3,82,wave_A
S3,32805,32945,140,55,3,82,wave_A
S3,32945,33085,140,55,3,82,wave_A
S3,33085,33225,140,55,3,82,wave_A
S3,33225,33365,140,55,3,82,wave_A
S3,33365,33505,140,55,3,82,wave_A
S3,33505,33645,140,55,3,82,wave_A
S3,33645,33785,140,55,3,82,wave_A
S3,33785,33925,140,55,3,82,wave_A
S3,33925,34065,140,55,3,82,wave_A
S3,34065,34205,140,55,3,82,wave_A
S3,34205,34345,140,55,3,82,wave_A
S3,34345,34485,140,55,3,82,wave_A
S3,34485,34625,140,55,3,82,wave_A
S3,34625,34765,140,55,3,82,wave_A
S3,34765,34905,140,55,3,82,wave_A
S3,34905,35045,140,55,3,82,wave_A
S3,35045,35185,140,55,3,82,wave_A
S3,35185,35325,140,55,3,82,wave_A
S3,35325,35465,140,55,3,82,wave_A
S3,35465,35605,140,55,3,82,wave_A
S3,35605,35745,140,55,3,82,wave_A
S3,35745,35885,140,55,3,82,wave_A
S3,35885,36025,140,55,3,82,wave_A
S3,36025,36165,140,55,3,82,wave_A
S3,36165,36305,140,55,3,82,wave_A
S3,36305,36445,140,55,3,82,wave_A
S3,36445,36585,140,55,3,82,wave_A
S3,36585,36725,140,55,3,82,wave_A
S3,36725,36865,140,55,3,82,wave_A
S3,36865,37005,140,55,3,82,wave_A
S3,37005,37145,140,55,3,82,wave_A
S3,37145,37285,140,55,3,82,wave_A
S3,37285,37425,140,55,3,82,wave_A
S3,37425,37565,140,55,3,82,wave_A
S3,37565,37705,140,55,3,82,wave_A
S3,37705,37845,140,55,3,82,wave_A
S3,37845,37985,140,55,3,82,wave_A
S3,37985,38125,140,55,3,82,wave_A
S3,38125,38265,140,55,3,82,wave_A
S3,38265,38405,140,55,3,82,wave_A
S3,38405,38545,140,55,3,82,wave_A
S3,38545,38685,140,55,3,82,wave_A
S3,38685,38825,140,55,3,82,wave_A
S3,38825,38965,140,55,3,82,wave_A
S3,38965,39105,140,55,3,82,wave_A
S3,39105,39245,140,55,3,82,wave_A
S3,39245,39385,140,55,3,82,wave_A
S3,39385,39525,140,55,3,82,wave_A
S3,39525,39665,140,55,3,82,wave_A
S3,39665,39805,140,55,3,82,wave_A
S3,39805,39945,140,55,3,82,wave_A
S3,39945,40085,140,55,3,82,wave_A
S3,40085,40225,140,55,3,82,wave_A
S3,40225,40365,140,55,3,82,wave_A
S3,40365,40505,140,55,3,82,wave_A
S3,40505,40645,140,55,3,82,wave_A
S3,40645,40785,140,55,3,82,wave_A
S3,40785,40925,140,55,3,82,wave_A
S3,40925,41065,140,55,3,82,wave_A
S3,41065,41205,140,55,3,82,wave_A
S3,41205,41345,140,55,3,82,wave_A
S3,41345,41485,140,55,3,82,wave_A
S3,41485,41625,140,55,3,82,wave_A
S3,41625,41765,140,55,3,82,wave_A
S3,41765,41905,140,55,3,82,wave_A
S3,41905,42045,140,55,3,82,wave_A
S3,42045,42185,140,55,3,82,wave_A
S3,42185,42325,140,55,3,82,wave_A
S3,42325,42465,140,55,3,82,wave_A
S3,42465,42605,140,55,3,82,wave_A
S3,42605,42745,140,55,3,82,wave_A
S3,42745,42885,140,55,3,82,wave_A
S3,42885,43025,140,55,3,82,wave_A
S3,43025,43165,140,55,3,82,wave_A
S3,43165,43305,140,55,3,82,wave_A
S3,43305,43445,140,55,3,82,wave_A
S3,43445,43585,140,55,3,82,wave_A
S3,43585,43725,140,55,3,82,wave_A
S3,43725,43865,140,55,3,82,wave_A
S3,43865,44005,140,55,3,82,wave_A
S3,44005,44145,140,55,3,82,wave_A
S3,44145,44285,140,55,3,82,wave_A
S3,44285,44425,140,55,3,82,wave_A
S3,44425,44565,140,55,3,82,wave_A
S3,44565,44705,140,55,3,82,wave_A
S3,44705,44845,140,55,3,82,wave_A
S3,44845,44985,140,55,3,82,wave_A
S3,44985,45125,140,55,3,82,wave_A
S3,45125,45265,140,55,3,82,wave_A
S3,45265,45405,140,55,3,82,wave_A
S3,45405,45545,140,55,3,82,wave_A
S3,45545,45685,140,55,3,82,wave_A
S3,45685,45825,140,55,3,82,wave_A
S3,45825,45965,140,55,3,82,wave_A
S3,45965,46105,140,55,3,82,wave_A
S3,46105,46245,140,55,3,82,wave_A
S3,46245,46385,140,55,3,82,wave_A
S3,46385,46525,140,55,3,82,wave_A
S3,46525,46665,140,55,3,82,wave_A
S3,46665,46805,140,55,3,82,wave_A
S3,46805,46945,140,55,3,82,wave_A
S3,46945,47085,140,55,3,82,wave_A
S3,47085,47225,140,55,3,82,wave_A
S3,47225,47365,140,55,3,82,wave_A
S3,47365,47505,140,55,3,82,wave_A
S3,47505,47645,140,55,3,82,wave_A
S3,47645,47785,140,55,3,82,wave_A
S3,47785,47925,140,55,3,82,wave_A
S3,47925,48065,140,55,3,82,wave_A
S3,48065,48205,140,55,3,82,wave_A
S3,48205,48345,140,55,3,82,wave_A
S3,48345,48485,140,55,3,82,wave_A
S3,48485,48625,140,55,3,82,wave_A
S3,48625,48765,140,55,3,82,wave_A
S3,48765,48905,140,55,3,82,wave_A
S3,48905,49045,140,55,3,82,wave_A
S3,49045,49185,140,55,3,82,wave_A
S3,49185,49325,140,55,3,82,wave_A
S3,49325,49465,140,55,3,82,wave_A
S3,49465,49605,140,55,3,82,wave_A
S3,49605,49745,140,55,3,82,wave_A
S3,49745,49885,140,55,3,82,wave_A
S3,49885,50025,140,55,3,82,wave_A
S3,50025,50165,140,55,3,82,wave_A
S3,50165,50305,140,55,3,82,wave_A
S3,50305,50445,140,55,3,82,wave_A
S3,50445,50585,140,55,3,82,wave_A
S3,50585,50725,140,55,3,82,wave_A
S3,50725,50865,140,55,3,82,wave_A
S3,50865,51005,140,55,3,82,wave_A
S3,51005,51145,140,55,3,82,wave_A
S3,51145,51285,140,55,3,82,wave_A
S3,51285,51425,140,55,3,82,wave_A
S3,51425,51565,140,55,3,82,wave_A
S3,51565,51705,140,55,3,82,wave_A
S3,51705,51845,140,55,3,82,wave_A
S3,51845,51985,140,55,3,82,wave_A
S3,51985,52125,140,55,3,82,wave_A
S3,52125,52265,140,55,3,82,wave_A
S3,52265,52405,140,55,3,82,wave_A
S3,52405,52545,140,55,3,82,wave_A
S3,52545,52685,140,55,3,82,wave_A
S3,52685,52825,140,55,3,82,wave_A
S3,52825,52965,140,55,3,82,wave_A
S3,52965,53105,140,55,3,82,wave_A
S3,53105,53245,140,55,3,82,wave_A
S3,53245,53385,140,55,3,82,wave_A
S3,53385,53525,140,55,3,82,wave_A
S3,53525,53665,140,55,3,82,wave_A
S3,53665,53805,140,55,3,82,wave_A
S3,53805,53945,140,55,3,82,wave_A
S3,53945,54085,140,55,3,82,wave_A
S3,54085,54225,140,55,3,82,wave_A
S3,54225,54365,140,55,3,82,wave_A
S3,54365,54505,140,55,3,82,wave_A
S3,54505,54645,140,55,3,82,wave_A
S3,54645,54785,140,55,3,82,wave_A
S3,54785,54925,140,55,3,82,wave_A
S3,54925,55065,140,55,3,82,wave_A
S3,55065,55205,140,55,3,82,wave_A
S3,55205,55345,140,55,3,82,wave_A
S3,55345,55485,140,55,3,82,wave_A
S3,55485,55625,140,55,3,82,wave_A
S3,55625,55765,140,55,3,82,wave_A
S3,55765,55905,140,55,3,82,wave_A
S3,55905,56045,140,55,3,82,wave_A
S3,56045,56185,140,55,3,82,wave_A
S3,56185,56325,140,55,3,82,wave_A
S3,56325,56465,140,55,3,82,wave_A
S3,56465,56605,140,55,3,82,wave_A
S3,56605,56745,140,55,3,82,wave_A
S3,56745,56885,140,55,3,82,wave_A
S3,56885,57025,140,55,3,82,wave_A
S3,57025,57165,140,55,3,82,wave_A
S3,57165,57305,140,55,3,82,wave_A
S3,57305,57445,140,55,3,82,wave_A
S3,57445,57585,140,55,3,82,wave_A
S3,57585,57725,140,55,3,82,wave_A
S4,-81,59,140,53,3,84,wave_A
S4,59,199,140,53,3,84,wave_A
S4,199,339,140,53,3,84,wave_A
S4,339,479,140,53,3,84,wave_A
S4,479,619,140,53,3,84,wave_A
S4,619,759,140,53,3,84,wave_A
S4,759,899,140,53,3,84,wave_A
S4,899,1039,140,53,3,84,wave_A
S4,1039,1179,140,53,3,84,wave_A
S4,1179,1319,140,53,3,84,wave_A
S4,1319,1459,140,53,3,84,wave_A
S4,1459,1599,140,53,3,84,wave_A
S4,1599,1739,140,53,3,84,wave_A
S4,1739,1879,140,53,3,84,wave_A
S4,1879,2019,140,53,3,84,wave_A
S4,2019,2159,140,53,3,84,wave_A
S4,2159,2299,140,53,3,84,wave_A
S4,2299,2439,140,53,3,84,wave_A
S4,2439,2579,140,53,3,84,wave_A
S4,2579,2719,140,53,3,84,wave_A
S4,2719,2859,140,53,3,84,wave_A
S4,2859,2999,140,53,3,84,wave_A
S4,2999,3139,140,53,3,84,wave_A
S4,3139,3279,140,53,3,84,wave_A
S4,3279,3419,140,53,3,84,wave_A
S4,3419,3559,140,53,3,84,wave_A
S4,3559,3699,140,53,3,84,wave_A
S4,3699,3839,140,53,3,84,wave_A
S4,3839,3979,140,53,3,84,wave_A
S4,3979,4119,140,53,3,84,wave_A
S4,4119,4259,140,53,3,84,wave_A
S4,4259,4399,140,53,3,84,wave_A
S4,4399,4539,140,53,3,84,wave_A
S4,4539,4679,140,53,3,84,wave_A
S4,4679,4819,140,53,3,84,wave_A
S4,4819,4959,140,53,3,84,wave_A
S4,4959,5099,140,53,3,84,wave_A
S4,5099,5239,140,53,3,84,wave_A
S4,5239,5379,140,53,3,84,wave_A
S4,5379,5519,140,53,3,84,wave_A
S4,5519,5659,140,53,3,84,wave_A
S4,5659,5799,140,53,3,84,wave_A
S4,5799,5939,140,53,3,84,wave_A
S4,5939,6079,140,53,3,84,wave_A
S4,6079,6219,140,53,3,84,wave_A
S4,6219,6359,140,53,3,84,wave_A
S4,6359,6499,140,53,3,84,wave_A
S4,6499,6639,140,53,3,84,wave_A
S4,6639,6779,140,53,3,84,wave_A
S4,6779,6919,140,53,3,84,wave_A
S4,6919,7059,140,53,3,84,wave_A
S4,7059,7199,140,53,3,84,wave_A
S4,7199,7339,140,53,3,84,wave_A
S4,7339,7479,140,53,3,84,wave_A
S4,7479,7619,140,53,3,84,wave_A
S4,7619,7759,140,53,3,84,wave_A
S4,7759,7899,140,53,3,84,wave_A
S4,7899,8039,140,53,3,84,wave_A
S4,8039,8179,140,53,3,84,wave_A
S4,8179,8319,140,53,3,84,wave_A
S4,8319,8459,140,53,3,84,wave_A
S4,8459,8599,140,53,3,84,wave_A
S4,8599,8739,140,53,3,84,wave_A
S4,8739,8879,140,53,3,84,wave_A
S4,8879,9019,140,53,3,84,wave_A
S4,9019,9159,140,53,3,84,wave_A
S4,9159,9299,140,53,3,84,wave_A
S4,9299,9439,140,53,3,84,wave_A
S4,9439,9579,140,53,3,84,wave_A
S4,9579,9719,140,53,3,84,wave_A
S4,9719,9859,140,53,3,84,wave_A
S4,9859,9999,140,53,3,84,wave_A
S4,9999,10139,140,53,3,84,wave_A
S4,10139,10279,140,53,3,84,wave_A
S4,10279,10419,140,53,3,84,wave_A
S4,10419,10559,140,53,3,84,wave_A
S4,10559,10699,140,53,3,84,wave_A
S4,10699,10839,140,53,3,84,wave_A
S4,10839,10979,140,53,3,84,wave_A
S4,10979,11119,140,53,3,84,wave_A
S4,11119,11259,140,53,3,84,wave_A
S4,11259,11399,140,53,3,84,wave_A
S4,11399,11539,140,53,3,84,wave_A
S4,11539,11679,140,53,3,84,wave_A
S4,11679,11819,140,53,3,84,wave_A
S4,11819,11959,140,53,3,84,wave_A
S4,11959,12099,140,53,3,84,wave_A
S4,12099,12239,140,53,3,84,wave_A
S4,12239,12379,140,53,3,84,wave_A
S4,12379,12519,140,53,3,84,wave_A
S4,12519,12659,140,53,3,84,wave_A
S4,12659,12799,140,53,3,84,wave_A
S4,12799,12939,140,53,3,84,wave_A
S4,12939,13079,140,53,3,84,wave_A
S4,13079,13219,140,53,3,84,wave_A
S4,13219,13359,140,53,3,84,wave_A
S4,13359,13499,140,53,3,84,wave_A
S4,13499,13639,140,53,3,84,wave_A
S4,13639,13779,140,53,3,84,wave_A
S4,13779,13919,140,53,3,84,wave_A
S4,13919,14059,140,53,3,84,wave_A
S4,14059,14199,140,53,3,84,wave_A
S4,14199,14339,140,53,3,84,wave_A
S4,14339,14479,140,53,3,84,wave_A
S4,14479,14619,140,53,3,84,wave_A
S4,14619,14759,140,53,3,84,wave_A
S4,14759,14899,140,53,3,84,wave_A
S4,14899,15039,140,53,3,84,wave_A
S4,15039,15179,140,53,3,84,wave_A
S4,15179,15319,140,53,3,84,wave_A
S4,15319,15459,140,53,3,84,wave_A
S4,15459,15599,140,53,3,84,wave_A
S4,15599,15739,140,53,3,84,wave_A
S4,15739,15879,140,53,3,84,wave_A
S4,15879,16019,140,53,3,84,wave_A
S4,16019,16159,140,53,3,84,wave_A
S4,16159,16299,140,53,3,84,wave_A
S4,16299,16439,140,53,3,84,wave_A
S4,16439,16579,140,53,3,84,wave_A
S4,16579,16719,140,53,3,84,wave_A
S4,16719,16859,140,53,3,84,wave_A
S4,16859,16999,140,53,3,84,wave_A
S4,16999,17139,140,53,3,84,wave_A
S4,17139,17279,140,53,3,84,wave_A
S4,17279,17419,140,53,3,84,wave_A
S4,17419,17559,140,53,3,84,wave_A
S4,17559,17699,140,53,3,84,wave_A
S4,17699,17839,140,53,3,84,wave_A
S4,17839,17979,140,53,3,84,wave_A
S4,17979,18119,140,53,3,84,wave_A
S4,18119,18259,140,53,3,84,wave_A
S4,18259,18399,140,53,3,84,wave_A
S4,18399,18539,140,53,3,84,wave_A
S4,18539,18679,140,53,3,84,wave_A
S4,18679,18819,140,53,3,84,wave_A
S4,18819,18959,140,53,3,84,wave_A
S4,18959,19099,140,53,3,84,wave_A
S4,19099,19239,140,53,3,84,wave_A
S4,19239,19379,140,53,3,84,wave_A
S4,19379,19519,140,53,3,84,wave_A
S4,19519,19659,140,53,3,84,wave_A
S4,19659,19799,140,53,3,84,wave_A
S4,19799,19939,140,53,3,84,wave_A
S4,19939,20079,140,53,3,84,wave_A
S4,20079,20219,140,53,3,84,wave_A
S4,20219,20359,140,53,3,84,wave_A
S4,20359,20499,140,53,3,84,wave_A
S4,20499,20639,140,53,3,84,wave_A
S4,20639,20779,140,53,3,84,wave_A
S4,20779,20919,140,53,3,84,wave_A
S4,20919,21059,140,53,3,84,wave_A
S4,21059,21199,140,53,3,84,wave_A
S4,21199,21339,140,53,3,84,wave_A
S4,21339,21479,140,53,3,84,wave_A
S4,21479,21619,140,53,3,84,wave_A
S4,21619,21759,140,53,3,84,wave_A
S4,21759,21899,140,53,3,84,wave_A
S4,21899,22039,140,53,3,84,wave_A
S4,22039,22179,140,53,3,84,wave_A
S4,22179,22319,140,53,3,84,wave_A
S4,22319,22459,140,53,3,84,wave_A
S4,22459,22599,140,53,3,84,wave_A
S4,22599,22739,140,53,3,84,wave_A
S4,22739,22879,140,53,3,84,wave_A
S4,22879,23019,140,53,3,84,wave_A
S4,23019,23159,140,53,3,84,wave_A
S4,23159,23299,140,53,3,84,wave_A
S4,23299,23439,140,53,3,84,wave_A
S4,23439,23579,140,53,3,84,wave_A
S4,23579,23719,140,53,3,84,wave_A
S4,23719,23859,140,53,3,84,wave_A
S4,23859,23999,140,53,3,84,wave_A
S4,23999,24139,140,53,3,84,wave_A
S4,24139,24279,140,53,3,84,wave_A
S4,24279,24419,140,53,3,84,wave_A
S4,24419,24559,140,53,3,84,wave_A
S4,24559,24699,140,53,3,84,wave_A
S4,24699,24839,140,53,3,84,wave_A
S4,24839,24979,140,53,3,84,wave_A
S4,24979,25119,140,53,3,84,wave_A
S4,25119,25259,140,53,3,84,wave_A
S4,25259,25399,140,53,3,84,wave_A
S4,25399,25539,140,53,3,84,wave_A
S4,25539,25679,140,53,3,84,wave_A
S4,25679,25819,140,53,3,84,wave_A
S4,25819,25959,140,53,3,84,wave_A
S4,25959,26099,140,53,3,84,wave_A
S4,26099,26239,140,53,3,84,wave_A
S4,26239,26379,140,53,3,84,wave_A
S4,26379,26519,140,53,3,84,wave_A
S4,26519,26659,140,53,3,84,wave_A
S4,26659,26799,140,53,3,84,wave_A
S4,26799,26939,140,53,3,84,wave_A
S4,26939,27079,140,53,3,84,wave_A
S4,27079,27219,140,53,3,84,wave_A
S4,27219,27359,140,53,3,84,wave_A
S4,27359,27499,140,53,3,84,wave_A
S4,27499,27639,140,53,3,84,wave_A
S4,27639,27779,140,53,3,84,wave_A
S4,27779,27919,140,53,3,84,wave_A
S4,27919,28059,140,53,3,84,wave_A
S4,28059,28199,140,53,3,84,wave_A
S4,28199,28339,140,53,3,84,wave_A
S4,28339,28479,140,53,3,84,wave_A
S4,28479,28619,140,53,3,84,wave_A
S4,28619,28759,140,53,3,84,wave_A
S4,28759,28899,140,53,3,84,wave_A
S4,28899,29039,140,53,3,84,wave_A
S4,29039,29179,140,53,3,84,wave_A
S4,29179,29319,140,53,3,84,wave_A
S4,29319,29459,140,53,3,84,wave_A
S4,29459,29599,140,53,3,84,wave_A
S4,29599,29739,140,53,3,84,wave_A
S4,29739,29879,140,53,3,84,wave_A
S4,29879,30019,140,53,3,84,wave_A
S4,30019,30159,140,53,3,84,wave_A
S4,30159,30299,140,53,3,84,wave_A
S4,30299,30439,140,53,3,84,wave_A
S4,30439,30579,140,53,3,84,wave_A
S4,30579,30719,140,53,3,84,wave_A
S4,30719,30859,140,53,3,84,wave_A
S4,30859,30999,140,53,3,84,wave_A
S4,30999,31139,140,53,3,84,wave_A
S4,31139,31279,140,53,3,84,wave_A
S4,31279,31419,140,53,3,84,wave_A
S4,31419,31559,140,53,3,84,wave_A
S4,31559,31699,140,53,3,84,wave_A
S4,31699,31839,140,53,3,84,wave_A
S4,31839,31979,140,53,3,84,wave_A
S4,31979,32119,140,53,3,84,wave_A
S4,32119,32259,140,53,3,84,wave_A
S4,32259,32399,140,53,3,84,wave_A
S4,32399,32539,140,53,3,84,wave_A
S4,32539,32679,140,53,3,84,wave_A
S4,32679,32819,140,53,3,84,wave_A
S4,32819,32959,140,53,3,84,wave_A
S4,32959,33099,140,53,3,84,wave_A
S4,33099,33239,140,53,3,84,wave_A
S4,33239,33379,140,53,3,84,wave_A
S4,33379,33519,140,53,3,84,wave_A
S4,33519,33659,140,53,3,84,wave_A
S4,33659,33799,140,53,3,84,wave_A
S4,33799,33939,140,53,3,84,wave_A
S4,33939,34079,140,53,3,84,wave_A
S4,34079,34219,140,53,3,84,wave_A
S4,34219,34359,140,53,3,84,wave_A
S4,34359,34499,140,53,3,84,wave_A
S4,34499,34639,140,53,3,84,wave_A
S4,34639,34779,140,53,3,84,wave_A
S4,34779,34919,140,53,3,84,wave_A
S4,34919,35059,140,53,3,84,wave_A
S4,35059,35199,140,53,3,84,wave_A
S4,35199,35339,140,53,3,84,wave_A
S4,35339,35479,140,53,3,84,wave_A
S4,35479,35619,140,53,3,84,wave_A
S4,35619,35759,140,53,3,84,wave_A
S4,35759,35899,140,53,3,84,wave_A
S4,35899,36039,140,53,3,84,wave_A
S4,36039,36179,140,53,3,84,wave_A
S4,36179,36319,140,53,3,84,wave_A
S4,36319,36459,140,53,3,84,wave_A
S4,36459,36599,140,53,3,84,wave_A
S4,36599,36739,140,53,3,84,wave_A
S4,36739,36879,140,53,3,84,wave_A
S4,36879,37019,140,53,3,84,wave_A
S4,37019,37159,140,53,3,84,wave_A
S4,37159,37299,140,53,3,84,wave_A
S4,37299,37439,140,53,3,84,wave_A
S4,37439,37579,140,53,3,84,wave_A
S4,37579,37719,140,53,3,84,wave_A
S4,37719,37859,140,53,3,84,wave_A
S4,37859,37999,140,53,3,84,wave_A
S4,37999,38139,140,53,3,84,wave_A
S4,38139,38279,140,53,3,84,wave_A
S4,38279,38419,140,53,3,84,wave_A
S4,38419,38559,140,53,3,84,wave_A
S4,38559,38699,140,53,3,84,wave_A
S4,38699,38839,140,53,3,84,wave_A
S4,38839,38979,140,53,3,84,wave_A
S4,38979,39119,140,53,3,84,wave_A
S4,39119,39259,140,53,3,84,wave_A
S4,39259,39399,140,53,3,84,wave_A
S4,39399,39539,140,53,3,84,wave_A
S4,39539,39679,140,53,3,84,wave_A
S4,39679,39819,140,53,3,84,wave_A
S4,39819,39959,140,53,3,84,wave_A
S4,39959,40099,140,53,3,84,wave_A
S4,40099,40239,140,53,3,84,wave_A
S4,40239,40379,140,53,3,84,wave_A
S4,40379,40519,140,53,3,84,wave_A
S4,40519,40659,140,53,3,84,wave_A
S4,40659,40799,140,53,3,84,wave_A
S4,40799,40939,140,53,3,84,wave_A
S4,40939,41079,140,53,3,84,wave_A
S4,41079,41219,140,53,3,84,wave_A
S4,41219,41359,140,53,3,84,wave_A
S4,41359,41499,140,53,3,84,wave_A
S4,41499,41639,140,53,3,84,wave_A
S4,41639,41779,140,53,3,84,wave_A
S4,41779,41919,140,53,3,84,wave_A
S4,41919,42059,140,53,3,84,wave_A
S4,42059,42199,140,53,3,84,wave_A
S4,42199,42339,140,53,3,84,wave_A
S4,42339,42479,140,53,3,84,wave_A
S4,42479,42619,140,53,3,84,wave_A
S4,42619,42759,140,53,3,84,wave_A
S4,42759,42899,140,53,3,84,wave_A
S4,42899,43039,140,53,3,84,wave_A
S4,43039,43179,140,53,3,84,wave_A
S4,43179,43319,140,53,3,84,wave_A
S4,43319,43459,140,53,3,84,wave_A
S4,43459,43599,140,53,3,84,wave_A
S4,43599,43739,140,53,3,84,wave_A
S4,43739,43879,140,53,3,84,wave_A
S4,43879,44019,140,53,3,84,wave_A
S4,44019,44159,140,53,3,84,wave_A
S4,44159,44299,140,53,3,84,wave_A
S4,44299,44439,140,53,3,84,wave_A
S4,44439,44579,140,53,3,84,wave_A
S4,44579,44719,140,53,3,84,wave_A
S4,44719,44859,140,53,3,84,wave_A
S4,44859,44999,140,53,3,84,wave_A
S4,44999,45139,140,53,3,84,wave_A
S4,45139,45279,140,53,3,84,wave_A
S4,45279,45419,140,53,3,84,wave_A
S4,45419,45559,140,53,3,84,wave_A
S4,45559,45699,140,53,3,84,wave_A
S4,45699,45839,140,53,3,84,wave_A
S4,45839,45979,140,53,3,84,wave_A
S4,45979,46119,140,53,3,84,wave_A
S4,46119,46259,140,53,3,84,wave_A
S4,46259,46399,140,53,3,84,wave_A
S4,46399,46539,140,53,3,84,wave_A
S4,46539,46679,140,53,3,84,wave_A
S4,46679,46819,140,53,3,84,wave_A
S4,46819,46959,140,53,3,84,wave_A
S4,46959,47099,140,53,3,84,wave_A
S4,47099,47239,140,53,3,84,wave_A
S4,47239,47379,140,53,3,84,wave_A
S4,47379,47519,140,53,3,84,wave_A
S4,47519,47659,140,53,3,84,wave_A
S4,47659,47799,140,53,3,84,wave_A
S4,47799,47939,140,53,3,84,wave_A
S4,47939,48079,140,53,3,84,wave_A
S4,48079,48219,140,53,3,84,wave_A
S4,48219,48359,140,53,3,84,wave_A
S4,48359,48499,140,53,3,84,wave_A
S4,48499,48639,140,53,3,84,wave_A
S4,48639,48779,140,53,3,84,wave_A
S4,48779,48919,140,53,3,84,wave_A
S4,48919,49059,140,53,3,84,wave_A
S4,49059,49199,140,53,3,84,wave_A
S4,49199,49339,140,53,3,84,wave_A
S4,49339,49479,140,53,3,84,wave_A
S4,49479,49619,140,53,3,84,wave_A
S4,49619,49759,140,53,3,84,wave_A
S4,49759,49899,140,53,3,84,wave_A
S4,49899,50039,140,53,3,84,wave_A
S4,50039,50179,140,53,3,84,wave_A
S4,50179,50319,140,53,3,84,wave_A
S4,50319,50459,140,53,3,84,wave_A
S4,50459,50599,140,53,3,84,wave_A
S4,50599,50739,140,53,3,84,wave_A
S4,50739,50879,140,53,3,84,wave_A
S4,50879,51019,140,53,3,84,wave_A
S4,51019,51159,140,53,3,84,wave_A
S4,51159,51299,140,53,3,84,wave_A
S4,51299,51439,140,53,3,84,wave_A
S4,51439,51579,140,53,3,84,wave_A
S4,51579,51719,140,53,3,84,wave_A
S4,51719,51859,140,53,3,84,wave_A
S4,51859,51999,140,53,3,84,wave_A
S4,51999,52139,140,53,3,84,wave_A
S4,52139,52279,140,53,3,84,wave_A
S4,52279,52419,140,53,3,84,wave_A
S4,52419,52559,140,53,3,84,wave_A
S4,52559,52699,140,53,3,84,wave_A
S4,52699,52839,140,53,3,84,wave_A
S4,52839,52979,140,53,3,84,wave_A
S4,52979,53119,140,53,3,84,wave_A
S4,53119,53259,140,53,3,84,wave_A
S4,53259,53399,140,53,3,84,wave_A
S4,53399,53539,140,53,3,84,wave_A
S4,53539,53679,140,53,3,84,wave_A
S4,53679,53819,140,53,3,84,wave_A
S4,53819,53959,140,53,3,84,wave_A
S4,53959,54099,140,53,3,84,wave_A
S4,54099,54239,140,53,3,84,wave_A
S4,54239,54379,140,53,3,84,wave_A
S4,54379,54519,140,53,3,84,wave_A
S4,54519,54659,140,53,3,84,wave_A
S4,54659,54799,140,53,3,84,wave_A
S4,54799,54939,140,53,3,84,wave_A
S4,54939,55079,140,53,3,84,wave_A
S4,55079,55219,140,53,3,84,wave_A
S4,55219,55359,140,53,3,84,wave_A
S4,55359,55499,140,53,3,84,wave_A
S4,55499,55639,140,53,3,84,wave_A
S4,55639,55779,140,53,3,84,wave_A
S4,55779,55919,140,53,3,84,wave_A
S4,55919,56059,140,53,3,84,wave_A
S4,56059,56199,140,53,3,84,wave_A
S4,56199,56339,140,53,3,84,wave_A
S4,56339,56479,140,53,3,84,wave_A
S4,56479,56619,140,53,3,84,wave_A
S4,56619,56759,140,53,3,84,wave_A
S4,56759,56899,140,53,3,84,wave_A
S4,56899,57039,140,53,3,84,wave_A
S4,57039,57179,140,53,3,84,wave_A
S4,57179,57319,140,53,3,84,wave_A
S4,57319,57459,140,53,3,84,wave_A
S4,57459,57599,140,53,3,84,wave_A
S4,57599,57739,140,53,3,84,wave_A
S5,-49,91,140,43,3,94,wave_A
S5,91,231,140,43,3,94,wave_A
S5,231,371,140,43,3,94,wave_A
S5,371,511,140,43,3,94,wave_A
S5,511,651,140,43,3,94,wave_A
S5,651,791,140,43,3,94,wave_A
S5,791,931,140,43,3,94,wave_A
S5,931,1071,140,43,3,94,wave_A
S5,1071,1211,140,43,3,94,wave_A
S5,1211,1351,140,43,3,94,wave_A
S5,1351,1491,140,43,3,94,wave_A
S5,1491,1631,140,43,3,94,wave_A
S5,1631,1771,140,43,3,94,wave_A
S5,1771,1911,140,43,3,94,wave_A
S5,1911,2051,140,43,3,94,wave_A
S5,2051,2191,140,43,3,94,wave_A
S5,2191,2331,140,43,3,94,wave_A
S5,2331,2471,140,43,3,94,wave_A
S5,2471,2611,140,43,3,94,wave_A
S5,2611,2751,140,43,3,94,wave_A
S5,2751,2891,140,43,3,94,wave_A
S5,2891,3031,140,43,3,94,wave_A
S5,3031,3171,140,43,3,94,wave_A
S5,3171,3311,140,43,3,94,wave_A
S5,3311,3451,140,43,3,94,wave_A
S5,3451,3591,140,43,3,94,wave_A
S5,3591,3731,140,43,3,94,wave_A
S5,3731,3871,140,43,3,94,wave_A
S5,3871,4011,140,43,3,94,wave_A
S5,4011,4151,140,43,3,94,wave_A
S5,4151,4291,140,43,3,94,wave_A
S5,4291,4431,140,43,3,94,wave_A
S5,4431,4571,140,43,3,94,wave_A
S5,4571,4711,140,43,3,94,wave_A
S5,4711,4851,140,43,3,94,wave_A
S5,4851,4991,140,43,3,94,wave_A
S5,4991,5131,140,43,3,94,wave_A
S5,5131,5271,140,43,3,94,wave_A
S5,5271,5411,140,43,3,94,wave_A
S5,5411,5551,140,43,3,94,wave_A
S5,5551,5691,140,43,3,94,wave_A
S5,5691,5831,140,43,3,94,wave_A
S5,5831,5971,140,43,3,94,wave_A
S5,5971,6111,140,43,3,94,wave_A
S5,6111,6251,140,43,3,94,wave_A
S5,6251,6391,140,43,3,94,wave_A
S5,6391,6531,140,43,3,94,wave_A
S5,6531,6671,140,43,3,94,wave_A
S5,6671,6811,140,43,3,94,wave_A
S5,6811,6951,140,43,3,94,wave_A
S5,6951,7091,140,43,3,94,wave_A
S5,7091,7231,140,43,3,94,wave_A
S5,7231,7371,140,43,3,94,wave_A
S5,7371,7511,140,43,3,94,wave_A
S5,7511,7651,140,43,3,94,wave_A
S5,7651,7791,140,43,3,94,wave_A
S5,7791,7931,140,43,3,94,wave_A
S5,7931,8071,140,43,3,94,wave_A
S5,8071,8211,140,43,3,94,wave_A
S5,8211,8351,140,43,3,94,wave_A
S5,8351,8491,140,43,3,94,wave_A
S5,8491,8631,140,43,3,94,wave_A
S5,8631,8771,140,43,3,94,wave_A
S5,8771,8911,140,43,3,94,wave_A
S5,8911,9051,140,43,3,94,wave_A
S5,9051,9191,140,43,3,94,wave_A
S5,9191,9331,140,43,3,94,wave_A
S5,9331,9471,140,43,3,94,wave_A
S5,9471,9611,140,43,3,94,wave_A
S5,9611,9751,140,43,3,94,wave_A
S5,9751,9891,140,43,3,94,wave_A
S5,9891,10031,140,43,3,94,wave_A
S5,10031,10171,140,43,3,94,wave_A
S5,10171,10311,140,43,3,94,wave_A
S5,10311,10451,140,43,3,94,wave_A
S5,10451,10591,140,43,3,94,wave_A
S5,10591,10731,140,43,3,94,wave_A
S5,10731,10871,140,43,3,94,wave_A
S5,10871,11011,140,43,3,94,wave_A
S5,11011,11151,140,43,3,94,wave_A
S5,11151,11291,140,43,3,94,wave_A
S5,11291,11431,140,43,3,94,wave_A
S5,11431,11571,140,43,3,94,wave_A
S5,11571,11711,140,43,3,94,wave_A
S5,11711,11851,140,43,3,94,wave_A
S5,11851,11991,140,43,3,94,wave_A
S5,11991,12131,140,43,3,94,wave_A
S5,12131,12271,140,43,3,94,wave_A
S5,12271,12411,140,43,3,94,wave_A
S5,12411,12551,140,43,3,94,wave_A
S5,12551,12691,140,43,3,94,wave_A
S5,12691,12831,140,43,3,94,wave_A
S5,12831,12971,140,43,3,94,wave_A
S5,12971,13111,140,43,3,94,wave_A
S5,13111,13251,140,43,3,94,wave_A
S5,13251,13391,140,43,3,94,wave_A
S5,13391,13531,140,43,3,94,wave_A
S5,13531,13671,140,43,3,94,wave_A
S5,13671,13811,140,43,3,94,wave_A
S5,13811,13951,140,43,3,94,wave_A
S5,13951,14091,140,43,3,94,wave_A
S5,14091,14231,140,43,3,94,wave_A
S5,14231,14371,140,43,3,94,wave_A
S5,14371,14511,140,43,3,94,wave_A
S5,14511,14651,140,43,3,94,wave_A
S5,14651,14791,140,43,3,94,wave_A
S5,14791,14931,140,43,3,94,wave_A
S5,14931,15071,140,43,3,94,wave_A
S5,15071,15211,140,43,3,94,wave_A
S5,15211,15351,140,43,3,94,wave_A
S5,15351,15491,140,43,3,94,wave_A
S5,15491,15631,140,43,3,94,wave_A
S5,15631,15771,140,43,3,94,wave_A
S5,15771,15911,140,43,3,94,wave_A
S5,15911,16051,140,43,3,94,wave_A
S5,16051,16191,140,43,3,94,wave_A
S5,16191,16331,140,43,3,94,wave_A
S5,16331,16471,140,43,3,94,wave_A
S5,16471,16611,140,43,3,94,wave_A
S5,16611,16751,140,43,3,94,wave_A
S5,16751,16891,140,43,3,94,wave_A
S5,16891,17031,140,43,3,94,wave_A
S5,17031,17171,140,43,3,94,wave_A
S5,17171,17311,140,43,3,94,wave_A
S5,17311,17451,140,43,3,94,wave_A
S5,17451,17591,140,43,3,94,wave_A
S5,17591,17731,140,43,3,94,wave_A
S5,17731,17871,140,43,3,94,wave_A
S5,17871,18011,140,43,3,94,wave_A
S5,18011,18151,140,43,3,94,wave_A
S5,18151,18291,140,43,3,94,wave_A
S5,18291,18431,140,43,3,94,wave_A
S5,18431,18571,140,43,3,94,wave_A
S5,18571,18711,140,43,3,94,wave_A
S5,18711,18851,140,43,3,94,wave_A
S5,18851,18991,140,43,3,94,wave_A
S5,18991,19131,140,43,3,94,wave_A
S5,19131,19271,140,43,3,94,wave_A
S5,19271,19411,140,43,3,94,wave_A
S5,19411,19551,140,43,3,94,wave_A
S5,19551,19691,140,43,3,94,wave_A
S5,19691,19831,140,43,3,94,wave_A
S5,19831,19971,140,43,3,94,wave_A
S5,19971,20111,140,43,3,94,wave_A
S5,20111,20251,140,43,3,94,wave_A
S5,20251,20391,140,43,3,94,wave_A
S5,20391,20531,140,43,3,94,wave_A
S5,20531,20671,140,43,3,94,wave_A
S5,20671,20811,140,43,3,94,wave_A
S5,20811,20951,140,43,3,94,wave_A
S5,20951,21091,140,43,3,94,wave_A
S5,21091,21231,140,43,3,94,wave_A
S5,21231,21371,140,43,3,94,wave_A
S5,21371,21511,140,43,3,94,wave_A
S5,21511,21651,140,43,3,94,wave_A
S5,21651,21791,140,43,3,94,wave_A
S5,21791,21931,140,43,3,94,wave_A
S5,21931,22071,140,43,3,94,wave_A
S5,22071,22211,140,43,3,94,wave_A
S5,22211,22351,140,43,3,94,wave_A
S5,22351,22491,140,43,3,94,wave_A
S5,22491,22631,140,43,3,94,wave_A
S5,22631,22771,140,43,3,94,wave_A
S5,22771,22911,140,43,3,94,wave_A
S5,22911,23051,140,43,3,94,wave_A
S5,23051,23191,140,43,3,94,wave_A
S5,23191,23331,140,43,3,94,wave_A
S5,23331,23471,140,43,3,94,wave_A
S5,23471,23611,140,43,3,94,wave_A
S5,23611,23751,140,43,3,94,wave_A
S5,23751,23891,140,43,3,94,wave_A
S5,23891,24031,140,43,3,94,wave_A
S5,24031,24171,140,43,3,94,wave_A
S5,24171,24311,140,43,3,94,wave_A
S5,24311,24451,140,43,3,94,wave_A
S5,24451,24591,140,43,3,94,wave_A
S5,24591,24731,140,43,3,94,wave_A
S5,24731,24871,140,43,3,94,wave_A
S5,24871,25011,140,43,3,94,wave_A
S5,25011,25151,140,43,3,94,wave_A
S5,25151,25291,140,43,3,94,wave_A
S5,25291,25431,140,43,3,94,wave_A
S5,25431,25571,140,43,3,94,wave_A
S5,25571,25711,140,43,3,94,wave_A
S5,25711,25851,140,43,3,94,wave_A
S5,25851,25991,140,43,3,94,wave_A
S5,25991,26131,140,43,3,94,wave_A
S5,26131,26271,140,43,3,94,wave_A
S5,26271,26411,140,43,3,94,wave_A
S5,26411,26551,140,43,3,94,wave_A
S5,26551,26691,140,43,3,94,wave_A
S5,26691,26831,140,43,3,94,wave_A
S5,26831,26971,140,43,3,94,wave_A
S5,26971,27111,140,43,3,94,wave_A
S5,27111,27251,140,43,3,94,wave_A
S5,27251,27391,140,43,3,94,wave_A
S5,27391,27531,140,43,3,94,wave_A
S5,27531,27671,140,43,3,94,wave_A
S5,27671,27811,140,43,3,94,wave_A
S5,27811,27951,140,43,3,94,wave_A
S5,27951,28091,140,43,3,94,wave_A
S5,28091,28231,140,43,3,94,wave_A
S5,28231,28371,140,43,3,94,wave_A
S5,28371,28511,140,43,3,94,wave_A
S5,28511,28651,140,43,3,94,wave_A
S5,28651,28791,140,43,3,94,wave_A
S5,28791,28931,140,43,3,94,wave_A
S5,28931,29071,140,43,3,94,wave_A
S5,29071,29211,140,43,3,94,wave_A
S5,29211,29351,140,43,3,94,wave_A
S5,29351,29491,140,43,3,94,wave_A
S5,29491,29631,140,43,3,94,wave_A
S5,29631,29771,140,43,3,94,wave_A
S5,29771,29911,140,43,3,94,wave_A
S5,29911,30051,140,43,3,94,wave_A
S5,30051,30191,140,43,3,94,wave_A
S5,30191,30331,140,43,3,94,wave_A
S5,30331,30471,140,43,3,94,wave_A
S5,30471,30611,140,43,3,94,wave_A
S5,30611,30751,140,43,3,94,wave_A
S5,30751,30891,140,43,3,94,wave_A
S5,30891,31031,140,43,3,94,wave_A
S5,31031,31171,140,43,3,94,wave_A
S5,31171,31311,140,43,3,94,wave_A
S5,31311,31451,140,43,3,94,wave_A
S5,31451,31591,140,43,3,94,wave_A
S5,31591,31731,140,43,3,94,wave_A
S5,31731,31871,140,43,3,94,wave_A
S5,31871,32011,140,43,3,94,wave_A
S5,32011,32151,140,43,3,94,wave_A
S5,32151,32291,140,43,3,94,wave_A
S5,32291,32431,140,43,3,94,wave_A
S5,32431,32571,140,43,3,94,wave_A
S5,32571,32711,140,43,3,94,wave_A
S5,32711,32851,140,43,3,94,wave_A
S5,32851,32991,140,43,3,94,wave_A
S5,32991,33131,140,43,3,94,wave_A
S5,33131,33271,140,43,3,94,wave_A
S5,33271,33411,140,43,3,94,wave_A
S5,33411,33551,140,43,3,94,wave_A
S5,33551,33691,140,43,3,94,wave_A
S5,33691,33831,140,43,3,94,wave_A
S5,33831,33971,140,43,3,94,wave_A
S5,33971,34111,140,43,3,94,wave_A
S5,34111,34251,140,43,3,94,wave_A
S5,34251,34391,140,43,3,94,wave_A
S5,34391,34531,140,43,3,94,wave_A
S5,34531,34671,140,43,3,94,wave_A
S5,34671,34811,140,43,3,94,wave_A
S5,34811,34951,140,43,3,94,wave_A
S5,34951,35091,140,43,3,94,wave_A
S5,35091,35231,140,43,3,94,wave_A
S5,35231,35371,140,43,3,94,wave_A
S5,35371,35511,140,43,3,94,wave_A
S5,35511,35651,140,43,3,94,wave_A
S5,35651,35791,140,43,3,94,wave_A
S5,35791,35931,140,43,3,94,wave_A
S5,35931,36071,140,43,3,94,wave_A
S5,36071,36211,140,43,3,94,wave_A
S5,36211,36351,140,43,3,94,wave_A
S5,36351,36491,140,43,3,94,wave_A
S5,36491,36631,140,43,3,94,wave_A
S5,36631,36771,140,43,3,94,wave_A
S5,36771,36911,140,43,3,94,wave_A
S5,36911,37051,140,43,3,94,wave_A
S5,37051,37191,140,43,3,94,wave_A
S5,37191,37331,140,43,3,94,wave_A
S5,37331,37471,140,43,3,94,wave_A
S5,37471,37611,140,43,3,94,wave_A
S5,37611,37751,140,43,3,94,wave_A
S5,37751,37891,140,43,3,94,wave_A
S5,37891,38031,140,43,3,94,wave_A
S5,38031,38171,140,43,3,94,wave_A
S5,38171,38311,140,43,3,94,wave_A
S5,38311,38451,140,43,3,94,wave_A
S5,38451,38591,140,43,3,94,wave_A
S5,38591,38731,140,43,3,94,wave_A
S5,38731,38871,140,43,3,94,wave_A
S5,38871,39011,140,43,3,94,wave_A
S5,39011,39151,140,43,3,94,wave_A
S5,39151,39291,140,43,3,94,wave_A
S5,39291,39431,140,43,3,94,wave_A
S5,39431,39571,140,43,3,94,wave_A
S5,39571,39711,140,43,3,94,wave_A
S5,39711,39851,140,43,3,94,wave_A
S5,39851,39991,140,43,3,94,wave_A
S5,39991,40131,140,43,3,94,wave_A
S5,40131,40271,140,43,3,94,wave_A
S5,40271,40411,140,43,3,94,wave_A
S5,40411,40551,140,43,3,94,wave_A
S5,40551,40691,140,43,3,94,wave_A
S5,40691,40831,140,43,3,94,wave_A
S5,40831,40971,140,43,3,94,wave_A
S5,40971,41111,140,43,3,94,wave_A
S5,41111,41251,140,43,3,94,wave_A
S5,41251,41391,140,43,3,94,wave_A
S5,41391,41531,140,43,3,94,wave_A
S5,41531,41671,140,43,3,94,wave_A
S5,41671,41811,140,43,3,94,wave_A
S5,41811,41951,140,43,3,94,wave_A
S5,41951,42091,140,43,3,94,wave_A
S5,42091,42231,140,43,3,94,wave_A
S5,42231,42371,140,43,3,94,wave_A
S5,42371,42511,140,43,3,94,wave_A
S5,42511,42651,140,43,3,94,wave_A
S5,42651,42791,140,43,3,94,wave_A
S5,42791,42931,140,43,3,94,wave_A
S5,42931,43071,140,43,3,94,wave_A
S5,43071,43211,140,43,3,94,wave_A
S5,43211,43351,140,43,3,94,wave_A
S5,43351,43491,140,43,3,94,wave_A
S5,43491,43631,140,43,3,94,wave_A
S5,43631,43771,140,43,3,94,wave_A
S5,43771,43911,140,43,3,94,wave_A
S5,43911,44051,140,43,3,94,wave_A
S5,44051,44191,140,43,3,94,wave_A
S5,44191,44331,140,43,3,94,wave_A
S5,44331,44471,140,43,3,94,wave_A
S5,44471,44611,140,43,3,94,wave_A
S5,44611,44751,140,43,3,94,wave_A
S5,44751,44891,140,43,3,94,wave_A
S5,44891,45031,140,43,3,94,wave_A
S5,45031,45171,140,43,3,94,wave_A
S5,45171,45311,140,43,3,94,wave_A
S5,45311,45451,140,43,3,94,wave_A
S5,45451,45591,140,43,3,94,wave_A
S5,45591,45731,140,43,3,94,wave_A
S5,45731,45871,140,43,3,94,wave_A
S5,45871,46011,140,43,3,94,wave_A
S5,46011,46151,140,43,3,94,wave_A
S5,46151,46291,140,43,3,94,wave_A
S5,46291,46431,140,43,3,94,wave_A
S5,46431,46571,140,43,3,94,wave_A
S5,46571,46711,140,43,3,94,wave_A
S5,46711,46851,140,43,3,94,wave_A
S5,46851,46991,140,43,3,94,wave_A
S5,46991,47131,140,43,3,94,wave_A
S5,47131,47271,140,43,3,94,wave_A
S5,47271,47411,140,43,3,94,wave_A
S5,47411,47551,140,43,3,94,wave_A
S5,47551,47691,140,43,3,94,wave_A
S5,47691,47831,140,43,3,94,wave_A
S5,47831,47971,140,43,3,94,wave_A
S5,47971,48111,140,43,3,94,wave_A
S5,48111,48251,140,43,3,94,wave_A
S5,48251,48391,140,43,3,94,wave_A
S5,48391,48531,140,43,3,94,wave_A
S5,48531,48671,140,43,3,94,wave_A
S5,48671,48811,140,43,3,94,wave_A
S5,48811,48951,140,43,3,94,wave_A
S5,48951,49091,140,43,3,94,wave_A
S5,49091,49231,140,43,3,94,wave_A
S5,49231,49371,140,43,3,94,wave_A
S5,49371,49511,140,43,3,94,wave_A
S5,49511,49651,140,43,3,94,wave_A
S5,49651,49791,140,43,3,94,wave_A
S5,49791,49931,140,43,3,94,wave_A
S5,49931,50071,140,43,3,94,wave_A
S5,50071,50211,140,43,3,94,wave_A
S5,50211,50351,140,43,3,94,wave_A
S5,50351,50491,140,43,3,94,wave_A
S5,50491,50631,140,43,3,94,wave_A
S5,50631,50771,140,43,3,94,wave_A
S5,50771,50911,140,43,3,94,wave_A
S5,50911,51051,140,43,3,94,wave_A
S5,51051,51191,140,43,3,94,wave_A
S5,51191,51331,140,43,3,94,wave_A
S5,51331,51471,140,43,3,94,wave_A
S5,51471,51611,140,43,3,94,wave_A
S5,51611,51751,140,43,3,94,wave_A
S5,51751,51891,140,43,3,94,wave_A
S5,51891,52031,140,43,3,94,wave_A
S5,52031,52171,140,43,3,94,wave_A
S5,52171,52311,140,43,3,94,wave_A
S5,52311,52451,140,43,3,94,wave_A
S5,52451,52591,140,43,3,94,wave_A
S5,52591,52731,140,43,3,94,wave_A
S5,52731,52871,140,43,3,94,wave_A
S5,52871,53011,140,43,3,94,wave_A
S5,53011,53151,140,43,3,94,wave_A
S5,53151,53291,140,43,3,94,wave_A
S5,53291,53431,140,43,3,94,wave_A
S5,53431,53571,140,43,3,94,wave_A
S5,53571,53711,140,43,3,94,wave_A
S5,53711,53851,140,43,3,94,wave_A
S5,53851,53991,140,43,3,94,wave_A
S5,53991,54131,140,43,3,94,wave_A
S5,54131,54271,140,43,3,94,wave_A
S5,54271,54411,140,43,3,94,wave_A
S5,54411,54551,140,43,3,94,wave_A
S5,54551,54691,140,43,3,94,wave_A
S5,54691,54831,140,43,3,94,wave_A
S5,54831,54971,140,43,3,94,wave_A
S5,54971,55111,140,43,3,94,wave_A
S5,55111,55251,140,43,3,94,wave_A
S5,55251,55391,140,43,3,94,wave_A
S5,55391,55531,140,43,3,94,wave_A
S5,55531,55671,140,43,3,94,wave_A
S5,55671,55811,140,43,3,94,wave_A
S5,55811,55951,140,43,3,94,wave_A
S5,55951,56091,140,43,3,94,wave_A
S5,56091,56231,140,43,3,94,wave_A
S5,56231,56371,140,43,3,94,wave_A
S5,56371,56511,140,43,3,94,wave_A
S5,56511,56651,140,43,3,94,wave_A
S5,56651,56791,140,43,3,94,wave_A
S5,56791,56931,140,43,3,94,wave_A
S5,56931,57071,140,43,3,94,wave_A
S5,57071,57211,140,43,3,94,wave_A
S5,57211,57351,140,43,3,94,wave_A
S5,57351,57491,140,43,3,94,wave_A
S5,57491,57631,140,43,3,94,wave_A
S5,57631,57771,140,43,3,94,wave_A
S6,-27,113,140,65,3,72,wave_A
S6,113,253,140,65,3,72,wave_A
S6,253,393,140,65,3,72,wave_A
S6,393,533,140,65,3,72,wave_A
S6,533,673,140,65,3,72,wave_A
S6,673,813,140,65,3,72,wave_A
S6,813,953,140,65,3,72,wave_A
S6,953,1093,140,65,3,72,wave_A
S6,1093,1233,140,65,3,72,wave_A
S6,1233,1373,140,65,3,72,wave_A
S6,1373,1513,140,65,3,72,wave_A
S6,1513,1653,140,65,3,72,wave_A
S6,1653,1793,140,65,3,72,wave_A
S6,1793,1933,140,65,3,72,wave_A
S6,1933,2073,140,65,3,72,wave_A
S6,2073,2213,140,65,3,72,wave_A
S6,2213,2353,140,65,3,72,wave_A
S6,2353,2493,140,65,3,72,wave_A
S6,2493,2633,140,65,3,72,wave_A
S6,2633,2773,140,65,3,72,wave_A
S6,2773,2913,140,65,3,72,wave_A
S6,2913,3053,140,65,3,72,wave_A
S6,3053,3193,140,65,3,72,wave_A
S6,3193,3333,140,65,3,72,wave_A
S6,3333,3473,140,65,3,72,wave_A
S6,3473,3613,140,65,3,72,wave_A
S6,3613,3753,140,65,3,72,wave_A
S6,3753,3893,140,65,3,72,wave_A
S6,3893,4033,140,65,3,72,wave_A
S6,4033,4173,140,65,3,72,wave_A
S6,4173,4313,140,65,3,72,wave_A
S6,4313,4453,140,65,3,72,wave_A
S6,4453,4593,140,65,3,72,wave_A
S6,4593,4733,140,65,3,72,wave_A
S6,4733,4873,140,65,3,72,wave_A
S6,4873,5013,140,65,3,72,wave_A
S6,5013,5153,140,65,3,72,wave_A
S6,5153,5293,140,65,3,72,wave_A
S6,5293,5433,140,65,3,72,wave_A
S6,5433,5573,140,65,3,72,wave_A
S6,5573,5713,140,65,3,72,wave_A
S6,5713,5853,140,65,3,72,wave_A
S6,5853,5993,140,65,3,72,wave_A
S6,5993,6133,140,65,3,72,wave_A
S6,6133,6273,140,65,3,72,wave_A
S6,6273,6413,140,65,3,72,wave_A
S6,6413,6553,140,65,3,72,wave_A
S6,6553,6693,140,65,3,72,wave_A
S6,6693,6833,140,65,3,72,wave_A
S6,6833,6973,140,65,3,72,wave_A
S6,6973,7113,140,65,3,72,wave_A
S6,7113,7253,140,65,3,72,wave_A
S6,7253,7393,140,65,3,72,wave_A
S6,7393,7533,140,65,3,72,wave_A
S6,7533,7673,140,65,3,72,wave_A
S6,7673,7813,140,65,3,72,wave_A
S6,7813,7953,140,65,3,72,wave_A
S6,7953,8093,140,65,3,72,wave_A
S6,8093,8233,140,65,3,72,wave_A
S6,8233,8373,140,65,3,72,wave_A
S6,8373,8513,140,65,3,72,wave_A
S6,8513,8653,140,65,3,72,wave_A
S6,8653,8793,140,65,3,72,wave_A
S6,8793,8933,140,65,3,72,wave_A
S6,8933,9073,140,65,3,72,wave_A
S6,9073,9213,140,65,3,72,wave_A
S6,9213,9353,140,65,3,72,wave_A
S6,9353,9493,140,65,3,72,wave_A
S6,9493,9633,140,65,3,72,wave_A
S6,9633,9773,140,65,3,72,wave_A
S6,9773,9913,140,65,3,72,wave_A
S6,9913,10053,140,65,3,72,wave_A
S6,10053,10193,140,65,3,72,wave_A
S6,10193,10333,140,65,3,72,wave_A
S6,10333,10473,140,65,3,72,wave_A
S6,10473,10613,140,65,3,72,wave_A
S6,10613,10753,140,65,3,72,wave_A
S6,10753,10893,140,65,3,72,wave_A
S6,10893,11033,140,65,3,72,wave_A
S6,11033,11173,140,65,3,72,wave_A
S6,11173,11313,140,65,3,72,wave_A
S6,11313,11453,140,65,3,72,wave_A
S6,11453,11593,140,65,3,72,wave_A
S6,11593,11733,140,65,3,72,wave_A
S6,11733,11873,140,65,3,72,wave_A
S6,11873,12013,140,65,3,72,wave_A
S6,12013,12153,140,65,3,72,wave_A
S6,12153,12293,140,65,3,72,wave_A
S6,12293,12433,140,65,3,72,wave_A
S6,12433,12573,140,65,3,72,wave_A
S6,12573,12713,140,65,3,72,wave_A
S6,12713,12853,140,65,3,72,wave_A
S6,12853,12993,140,65,3,72,wave_A
S6,12993,13133,140,65,3,72,wave_A
S6,13133,13273,140,65,3,72,wave_A
S6,13273,13413,140,65,3,72,wave_A
S6,13413,13553,140,65,3,72,wave_A
S6,13553,13693,140,65,3,72,wave_A
S6,13693,13833,140,65,3,72,wave_A
S6,13833,13973,140,65,3,72,wave_A
S6,13973,14113,140,65,3,72,wave_A
S6,14113,14253,140,65,3,72,wave_A
S6,14253,14393,140,65,3,72,wave_A
S6,14393,14533,140,65,3,72,wave_A
S6,14533,14673,140,65,3,72,wave_A
S6,14673,14813,140,65,3,72,wave_A
S6,14813,14953,140,65,3,72,wave_A
S6,14953,15093,140,65,3,72,wave_A
S6,15093,15233,140,65,3,72,wave_A
S6,15233,15373,140,65,3,72,wave_A
S6,15373,15513,140,65,3,72,wave_A
S6,15513,15653,140,65,3,72,wave_A
S6,15653,15793,140,65,3,72,wave_A
S6,15793,15933,140,65,3,72,wave_A
S6,15933,16073,140,65,3,72,wave_A
S6,16073,16213,140,65,3,72,wave_A
S6,16213,16353,140,65,3,72,wave_A
S6,16353,16493,140,65,3,72,wave_A
S6,16493,16633,140,65,3,72,wave_A
S6,16633,16773,140,65,3,72,wave_A
S6,16773,16913,140,65,3,72,wave_A
S6,16913,17053,140,65,3,72,wave_A
S6,17053,17193,140,65,3,72,wave_A
S6,17193,17333,140,65,3,72,wave_A
S6,17333,17473,140,65,3,72,wave_A
S6,17473,17613,140,65,3,72,wave_A
S6,17613,17753,140,65,3,72,wave_A
S6,17753,17893,140,65,3,72,wave_A
S6,17893,18033,140,65,3,72,wave_A
S6,18033,18173,140,65,3,72,wave_A
S6,18173,18313,140,65,3,72,wave_A
S6,18313,18453,140,65,3,72,wave_A
S6,18453,18593,140,65,3,72,wave_A
S6,18593,18733,140,65,3,72,wave_A
S6,18733,18873,140,65,3,72,wave_A
S6,18873,19013,140,65,3,72,wave_A
S6,19013,19153,140,65,3,72,wave_A
S6,19153,19293,140,65,3,72,wave_A
S6,19293,19433,140,65,3,72,wave_A
S6,19433,19573,140,65,3,72,wave_A
S6,19573,19713,140,65,3,72,wave_A
S6,19713,19853,140,65,3,72,wave_A
S6,19853,19993,140,65,3,72,wave_A
S6,19993,20133,140,65,3,72,wave_A
S6,20133,20273,140,65,3,72,wave_A
S6,20273,20413,140,65,3,72,wave_A
S6,20413,20553,140,65,3,72,wave_A
S6,20553,20693,140,65,3,72,wave_A
S6,20693,20833,140,65,3,72,wave_A
S6,20833,20973,140,65,3,72,wave_A
S6,20973,21113,140,65,3,72,wave_A
S6,21113,21253,140,65,3,72,wave_A
S6,21253,21393,140,65,3,72,wave_A
S6,21393,21533,140,65,3,72,wave_A
S6,21533,21673,140,65,3,72,wave_A
S6,21673,21813,140,65,3,72,wave_A
S6,21813,21953,140,65,3,72,wave_A
S6,21953,22093,140,65,3,72,wave_A
S6,22093,22233,140,65,3,72,wave_A
S6,22233,22373,140,65,3,72,wave_A
S6,22373,22513,140,65,3,72,wave_A
S6,22513,22653,140,65,3,72,wave_A
S6,22653,22793,140,65,3,72,wave_A
S6,22793,22933,140,65,3,72,wave_A
S6,22933,23073,140,65,3,72,wave_A
S6,23073,23213,140,65,3,72,wave_A
S6,23213,23353,140,65,3,72,wave_A
S6,23353,23493,140,65,3,72,wave_A
S6,23493,23633,140,65,3,72,wave_A
S6,23633,23773,140,65,3,72,wave_A
S6,23773,23913,140,65,3,72,wave_A
S6,23913,24053,140,65,3,72,wave_A
S6,24053,24193,140,65,3,72,wave_A
S6,24193,24333,140,65,3,72,wave_A
S6,24333,24473,140,65,3,72,wave_A
S6,24473,24613,140,65,3,72,wave_A
S6,24613,24753,140,65,3,72,wave_A
S6,24753,24893,140,65,3,72,wave_A
S6,24893,25033,140,65,3,72,wave_A
S6,25033,25173,140,65,3,72,wave_A
S6,25173,25313,140,65,3,72,wave_A
S6,25313,25453,140,65,3,72,wave_A
S6,25453,25593,140,65,3,72,wave_A
S6,25593,25733,140,65,3,72,wave_A
S6,25733,25873,140,65,3,72,wave_A
S6,25873,26013,140,65,3,72,wave_A
S6,26013,26153,140,65,3,72,wave_A
S6,26153,26293,140,65,3,72,wave_A
S6,26293,26433,140,65,3,72,wave_A
S6,26433,26573,140,65,3,72,wave_A
S6,26573,26713,140,65,3,72,wave_A
S6,26713,26853,140,65,3,72,wave_A
S6,26853,26993,140,65,3,72,wave_A
S6,26993,27133,140,65,3,72,wave_A
S6,27133,27273,140,65,3,72,wave_A
S6,27273,27413,140,65,3,72,wave_A
S6,27413,27553,140,65,3,72,wave_A
S6,27553,27693,140,65,3,72,wave_A
S6,27693,27833,140,65,3,72,wave_A
S6,27833,27973,140,65,3,72,wave_A
S6,27973,28113,140,65,3,72,wave_A
S6,28113,28253,140,65,3,72,wave_A
S6,28253,28393,140,65,3,72,wave_A
S6,28393,28533,140,65,3,72,wave_A
S6,28533,28673,140,65,3,72,wave_A
S6,28673,28813,140,65,3,72,wave_A
S6,28813,28953,140,65,3,72,wave_A
S6,28953,29093,140,65,3,72,wave_A
S6,29093,29233,140,65,3,72,wave_A
S6,29233,29373,140,65,3,72,wave_A
S6,29373,29513,140,65,3,72,wave_A
S6,29513,29653,140,65,3,72,wave_A
S6,29653,29793,140,65,3,72,wave_A
S6,29793,29933,140,65,3,72,wave_A
S6,29933,30073,140,65,3,72,wave_A
S6,30073,30213,140,65,3,72,wave_A
S6,30213,30353,140,65,3,72,wave_A
S6,30353,30493,140,65,3,72,wave_A
S6,30493,30633,140,65,3,72,wave_A
S6,30633,30773,140,65,3,72,wave_A
S6,30773,30913,140,65,3,72,wave_A
S6,30913,31053,140,65,3,72,wave_A
S6,31053,31193,140,65,3,72,wave_A
S6,31193,31333,140,65,3,72,wave_A
S6,31333,31473,140,65,3,72,wave_A
S6,31473,31613,140,65,3,72,wave_A
S6,31613,31753,140,65,3,72,wave_A
S6,31753,31893,140,65,3,72,wave_A
S6,31893,32033,140,65,3,72,wave_A
S6,32033,32173,140,65,3,72,wave_A
S6,32173,32313,140,65,3,72,wave_A
S6,32313,32453,140,65,3,72,wave_A
S6,32453,32593,140,65,3,72,wave_A
S6,32593,32733,140,65,3,72,wave_A
S6,32733,32873,140,65,3,72,wave_A
S6,32873,33013,140,65,3,72,wave_A
S6,33013,33153,140,65,3,72,wave_A
S6,33153,33293,140,65,3,72,wave_A
S6,33293,33433,140,65,3,72,wave_A
S6,33433,33573,140,65,3,72,wave_A
S6,33573,33713,140,65,3,72,wave_A
S6,33713,33853,140,65,3,72,wave_A
S6,33853,33993,140,65,3,72,wave_A
S6,33993,34133,140,65,3,72,wave_A
S6,34133,34273,140,65,3,72,wave_A
S6,34273,34413,140,65,3,72,wave_A
S6,34413,34553,140,65,3,72,wave_A
S6,34553,34693,140,65,3,72,wave_A
S6,34693,34833,140,65,3,72,wave_A
S6,34833,34973,140,65,3,72,wave_A
S6,34973,35113,140,65,3,72,wave_A
S6,35113,35253,140,65,3,72,wave_A
S6,35253,35393,140,65,3,72,wave_A
S6,35393,35533,140,65,3,72,wave_A
S6,35533,35673,140,65,3,72,wave_A
S6,35673,35813,140,65,3,72,wave_A
S6,35813,35953,140,65,3,72,wave_A
S6,35953,36093,140,65,3,72,wave_A
S6,36093,36233,140,65,3,72,wave_A
S6,36233,36373,140,65,3,72,wave_A
S6,36373,36513,140,65,3,72,wave_A
S6,36513,36653,140,65,3,72,wave_A
S6,36653,36793,140,65,3,72,wave_A
S6,36793,36933,140,65,3,72,wave_A
S6,36933,37073,140,65,3,72,wave_A
S6,37073,37213,140,65,3,72,wave_A
S6,37213,37353,140,65,3,72,wave_A
S6,37353,37493,140,65,3,72,wave_A
S6,37493,37633,140,65,3,72,wave_A
S6,37633,37773,140,65,3,72,wave_A
S6,37773,37913,140,65,3,72,wave_A
S6,37913,38053,140,65,3,72,wave_A
S6,38053,38193,140,65,3,72,wave_A
S6,38193,38333,140,65,3,72,wave_A
S6,38333,38473,140,65,3,72,wave_A
S6,38473,38613,140,65,3,72,wave_A
S6,38613,38753,140,65,3,72,wave_A
S6,38753,38893,140,65,3,72,wave_A
S6,38893,39033,140,65,3,72,wave_A
S6,39033,39173,140,65,3,72,wave_A
S6,39173,39313,140,65,3,72,wave_A
S6,39313,39453,140,65,3,72,wave_A
S6,39453,39593,140,65,3,72,wave_A
S6,39593,39733,140,65,3,72,wave_A
S6,39733,39873,140,65,3,72,wave_A
S6,39873,40013,140,65,3,72,wave_A
S6,40013,40153,140,65,3,72,wave_A
S6,40153,40293,140,65,3,72,wave_A
S6,40293,40433,140,65,3,72,wave_A
S6,40433,40573,140,65,3,72,wave_A
S6,40573,40713,140,65,3,72,wave_A
S6,40713,40853,140,65,3,72,wave_A
S6,40853,40993,140,65,3,72,wave_A
S6,40993,41133,140,65,3,72,wave_A
S6,41133,41273,140,65,3,72,wave_A
S6,41273,41413,140,65,3,72,wave_A
S6,41413,41553,140,65,3,72,wave_A
S6,41553,41693,140,65,3,72,wave_A
S6,41693,41833,140,65,3,72,wave_A
S6,41833,41973,140,65,3,72,wave_A
S6,41973,42113,140,65,3,72,wave_A
S6,42113,42253,140,65,3,72,wave_A
S6,42253,42393,140,65,3,72,wave_A
S6,42393,42533,140,65,3,72,wave_A
S6,42533,42673,140,65,3,72,wave_A
S6,42673,42813,140,65,3,72,wave_A
S6,42813,42953,140,65,3,72,wave_A
S6,42953,43093,140,65,3,72,wave_A
S6,43093,43233,140,65,3,72,wave_A
S6,43233,43373,140,65,3,72,wave_A
S6,43373,43513,140,65,3,72,wave_A
S6,43513,43653,140,65,3,72,wave_A
S6,43653,43793,140,65,3,72,wave_A
S6,43793,43933,140,65,3,72,wave_A
S6,43933,44073,140,65,3,72,wave_A
S6,44073,44213,140,65,3,72,wave_A
S6,44213,44353,140,65,3,72,wave_A
S6,44353,44493,140,65,3,72,wave_A
S6,44493,44633,140,65,3,72,wave_A
S6,44633,44773,140,65,3,72,wave_A
S6,44773,44913,140,65,3,72,wave_A
S6,44913,45053,140,65,3,72,wave_A
S6,45053,45193,140,65,3,72,wave_A
S6,45193,45333,140,65,3,72,wave_A
S6,45333,45473,140,65,3,72,wave_A
S6,45473,45613,140,65,3,72,wave_A
S6,45613,45753,140,65,3,72,wave_A
S6,45753,45893,140,65,3,72,wave_A
S6,45893,46033,140,65,3,72,wave_A
S6,46033,46173,140,65,3,72,wave_A
S6,46173,46313,140,65,3,72,wave_A
S6,46313,46453,140,65,3,72,wave_A
S6,46453,46593,140,65,3,72,wave_A
S6,46593,46733,140,65,3,72,wave_A
S6,46733,46873,140,65,3,72,wave_A
S6,46873,47013,140,65,3,72,wave_A
S6,47013,47153,140,65,3,72,wave_A
S6,47153,47293,140,65,3,72,wave_A
S6,47293,47433,140,65,3,72,wave_A
S6,47433,47573,140,65,3,72,wave_A
S6,47573,47713,140,65,3,72,wave_A
S6,47713,47853,140,65,3,72,wave_A
S6,47853,47993,140,65,3,72,wave_A
S6,47993,48133,140,65,3,72,wave_A
S6,48133,48273,140,65,3,72,wave_A
S6,48273,48413,140,65,3,72,wave_A
S6,48413,48553,140,65,3,72,wave_A
S6,48553,48693,140,65,3,72,wave_A
S6,48693,48833,140,65,3,72,wave_A
S6,48833,48973,140,65,3,72,wave_A
S6,48973,49113,140,65,3,72,wave_A
S6,49113,49253,140,65,3,72,wave_A
S6,49253,49393,140,65,3,72,wave_A
S6,49393,49533,140,65,3,72,wave_A
S6,49533,49673,140,65,3,72,wave_A
S6,49673,49813,140,65,3,72,wave_A
S6,49813,49953,140,65,3,72,wave_A
S6,49953,50093,140,65,3,72,wave_A
S6,50093,50233,140,65,3,72,wave_A
S6,50233,50373,140,65,3,72,wave_A
S6,50373,50513,140,65,3,72,wave_A
S6,50513,50653,140,65,3,72,wave_A
S6,50653,50793,140,65,3,72,wave_A
S6,50793,50933,140,65,3,72,wave_A
S6,50933,51073,140,65,3,72,wave_A
S6,51073,51213,140,65,3,72,wave_A
S6,51213,51353,140,65,3,72,wave_A
S6,51353,51493,140,65,3,72,wave_A
S6,51493,51633,140,65,3,72,wave_A
S6,51633,51773,140,65,3,72,wave_A
S6,51773,51913,140,65,3,72,wave_A
S6,51913,52053,140,65,3,72,wave_A
S6,52053,52193,140,65,3,72,wave_A
S6,52193,52333,140,65,3,72,wave_A
S6,52333,52473,140,65,3,72,wave_A
S6,52473,52613,140,65,3,72,wave_A
S6,52613,52753,140,65,3,72,wave_A
S6,52753,52893,140,65,3,72,wave_A
S6,52893,53033,140,65,3,72,wave_A
S6,53033,53173,140,65,3,72,wave_A
S6,53173,53313,140,65,3,72,wave_A
S6,53313,53453,140,65,3,72,wave_A
S6,53453,53593,140,65,3,72,wave_A
S6,53593,53733,140,65,3,72,wave_A
S6,53733,53873,140,65,3,72,wave_A
S6,53873,54013,140,65,3,72,wave_A
S6,54013,54153,140,65,3,72,wave_A
S6,54153,54293,140,65,3,72,wave_A
S6,54293,54433,140,65,3,72,wave_A
S6,54433,54573,140,65,3,72,wave_A
S6,54573,54713,140,65,3,72,wave_A
S6,54713,54853,140,65,3,72,wave_A
S6,54853,54993,140,65,3,72,wave_A
S6,54993,55133,140,65,3,72,wave_A
S6,55133,55273,140,65,3,72,wave_A
S6,55273,55413,140,65,3,72,wave_A
S6,55413,55553,140,65,3,72,wave_A
S6,55553,55693,140,65,3,72,wave_A
S6,55693,55833,140,65,3,72,wave_A
S6,55833,55973,140,65,3,72,wave_A
S6,55973,56113,140,65,3,72,wave_A
S6,56113,56253,140,65,3,72,wave_A
S6,56253,56393,140,65,3,72,wave_A
S6,56393,56533,140,65,3,72,wave_A
S6,56533,56673,140,65,3,72,wave_A
S6,56673,56813,140,65,3,72,wave_A
S6,56813,56953,140,65,3,72,wave_A
S6,56953,57093,140,65,3,72,wave_A
S6,57093,57233,140,65,3,72,wave_A
S6,57233,57373,140,65,3,72,wave_A
S6,57373,57513,140,65,3,72,wave_A
S6,57513,57653,140,65,3,72,wave_A
S6,57653,57793,140,65,3,72,wave_A
