intersection_id,global_cycle,stage,start_s,end_s,offset_s,green_s,yellow_s,red_s
S1,1,subida,0,140,0,60,3,77
S1,2,subida,140,280,0,60,3,77
S1,3,subida,280,420,0,60,3,77
S1,4,subida,420,560,0,60,3,77
S1,5,subida,560,700,0,60,3,77
S1,6,subida,700,840,0,60,3,77
S1,7,subida,840,980,0,60,3,77
S1,8,subida,980,1120,0,60,3,77
S1,9,subida,1120,1260,0,60,3,77
S1,10,subida,1260,1400,0,60,3,77
S1,11,transicion,1400,1540,6,66,3,71
S1,12,transicion,1540,1680,12,66,3,71
S1,13,transicion,1680,1820,18,66,3,71
S1,14,transicion,1820,1960,24,66,3,71
S1,15,bajada,1960,2100,24,60,3,77
S1,16,bajada,2100,2240,24,60,3,77
S1,17,bajada,2240,2380,24,60,3,77
S1,18,bajada,2380,2520,24,60,3,77
S1,19,bajada,2520,2660,24,60,3,77
S1,20,bajada,2660,2800,24,60,3,77
S1,21,bajada,2800,2940,24,60,3,77
S1,22,bajada,2940,3080,24,60,3,77
S1,23,bajada,3080,3220,24,60,3,77
S1,24,bajada,3220,3360,24,60,3,77
S1,25,bajada,3360,3500,24,60,3,77
S1,26,bajada,3500,3640,24,60,3,77
S1,27,bajada,3640,3780,24,60,3,77
S1,28,bajada,3780,3920,24,60,3,77
S1,29,bajada,3920,4060,24,60,3,77
S1,30,bajada,4060,4200,24,60,3,77
S1,31,bajada,4200,4340,24,60,3,77
S1,32,bajada,4340,4480,24,60,3,77
S1,33,bajada,4480,4620,24,60,3,77
S1,34,bajada,4620,4760,24,60,3,77
S1,35,bajada,4760,4900,24,60,3,77
S1,36,bajada,4900,5040,24,60,3,77
S1,37,bajada,5040,5180,24,60,3,77
S1,38,bajada,5180,5320,24,60,3,77
S1,39,bajada,5320,5460,24,60,3,77
S1,40,bajada,5460,5600,24,60,3,77
S1,41,bajada,5600,5740,24,60,3,77
S1,42,bajada,5740,5880,24,60,3,77
S1,43,bajada,5880,6020,24,60,3,77
S1,44,bajada,6020,6160,24,60,3,77
S2,1,subida,0,140,18,40,3,97
S2,2,subida,140,280,18,40,3,97
S2,3,subida,280,420,18,40,3,97
S2,4,subida,420,560,18,40,3,97
S2,5,subida,560,700,18,40,3,97
S2,6,subida,700,840,18,40,3,97
S2,7,subida,840,980,18,40,3,97
S2,8,subida,980,1120,18,40,3,97
S2,9,subida,1120,1260,18,40,3,97
S2,10,subida,1260,1400,18,40,3,97
S2,11,transicion,1400,1540,10,32,3,105
S2,12,transicion,1540,1680,2,32,3,105
S2,13,transicion,1680,1820,135,33,3,104
S2,14,transicion,1820,1960,128,33,3,104
S2,15,bajada,1960,2100,128,40,3,97
S2,16,bajada,2100,2240,128,40,3,97
S2,17,bajada,2240,2380,128,40,3,97
S2,18,bajada,2380,2520,128,40,3,97
S2,19,bajada,2520,2660,128,40,3,97
S2,20,bajada,2660,2800,128,40,3,97
S2,21,bajada,2800,2940,128,40,3,97
S2,22,bajada,2940,3080,128,40,3,97
S2,23,bajada,3080,3220,128,40,3,97
S2,24,bajada,3220,3360,128,40,3,97
S2,25,bajada,3360,3500,128,40,3,97
S2,26,bajada,3500,3640,128,40,3,97
S2,27,bajada,3640,3780,128,40,3,97
S2,28,bajada,3780,3920,128,40,3,97
S2,29,bajada,3920,4060,128,40,3,97
S2,30,bajada,4060,4200,128,40,3,97
S2,31,bajada,4200,4340,128,40,3,97
S2,32,bajada,4340,4480,128,40,3,97
S2,33,bajada,4480,4620,128,40,3,97
S2,34,bajada,4620,4760,128,40,3,97
S2,35,bajada,4760,4900,128,40,3,97
S2,36,bajada,4900,5040,128,40,3,97
S2,37,bajada,5040,5180,128,40,3,97
S2,38,bajada,5180,5320,128,40,3,97
S2,39,bajada,5320,5460,128,40,3,97
S2,40,bajada,5460,5600,128,40,3,97
S2,41,bajada,5600,5740,128,40,3,97
S2,42,bajada,5740,5880,128,40,3,97
S2,43,bajada,5880,6020,128,40,3,97
S2,44,bajada,6020,6160,128,40,3,97
S3,1,subida,0,140,45,55,3,82
S3,2,subida,140,280,45,55,3,82
S3,3,subida,280,420,45,55,3,82
S3,4,subida,420,560,45,55,3,82
S3,5,subida,560,700,45,55,3,82
S3,6,subida,700,840,45,55,3,82
S3,7,subida,840,980,45,55,3,82
S3,8,subida,980,1120,45,55,3,82
S3,9,subida,1120,1260,45,55,3,82
S3,10,subida,1260,1400,45,55,3,82
S3,11,transicion,1400,1540,53,63,3,74
S3,12,transicion,1540,1680,61,63,3,74
S3,13,transicion,1680,1820,68,62,3,75
S3,14,transicion,1820,1960,75,62,3,75
S3,15,bajada,1960,2100,75,55,3,82
S3,16,bajada,2100,2240,75,55,3,82
S3,17,bajada,2240,2380,75,55,3,82
S3,18,bajada,2380,2520,75,55,3,82
S3,19,bajada,2520,2660,75,55,3,82
S3,20,bajada,2660,2800,75,55,3,82
S3,21,bajada,2800,2940,75,55,3,82
S3,22,bajada,2940,3080,75,55,3,82
S3,23,bajada,3080,3220,75,55,3,82
S3,24,bajada,3220,3360,75,55,3,82
S3,25,bajada,3360,3500,75,55,3,82
S3,26,bajada,3500,3640,75,55,3,82
S3,27,bajada,3640,3780,75,55,3,82
S3,28,bajada,3780,3920,75,55,3,82
S3,29,bajada,3920,4060,75,55,3,82
S3,30,bajada,4060,4200,75,55,3,82
S3,31,bajada,4200,4340,75,55,3,82
S3,32,bajada,4340,4480,75,55,3,82
S3,33,bajada,4480,4620,75,55,3,82
S3,34,bajada,4620,4760,75,55,3,82
S3,35,bajada,4760,4900,75,55,3,82
S3,36,bajada,4900,5040,75,55,3,82
S3,37,bajada,5040,5180,75,55,3,82
S3,38,bajada,5180,5320,75,55,3,82
S3,39,bajada,5320,5460,75,55,3,82
S3,40,bajada,5460,5600,75,55,3,82
S3,41,bajada,5600,5740,75,55,3,82
S3,42,bajada,5740,5880,75,55,3,82
S3,43,bajada,5880,6020,75,55,3,82
S3,44,bajada,6020,6160,75,55,3,82
S4,1,subida,0,140,59,53,3,84
S4,2,subida,140,280,59,53,3,84
S4,3,subida,280,420,59,53,3,84
S4,4,subida,420,560,59,53,3,84
S4,5,subida,560,700,59,53,3,84
S4,6,subida,700,840,59,53,3,84
S4,7,subida,840,980,59,53,3,84
S4,8,subida,980,1120,59,53,3,84
S4,9,subida,1120,1260,59,53,3,84
S4,10,subida,1260,1400,59,53,3,84
S4,11,transicion,1400,1540,55,49,3,88
S4,12,transicion,1540,1680,52,50,3,87
S4,13,transicion,1680,1820,49,50,3,87
S4,14,transicion,1820,1960,46,50,3,87
S4,15,bajada,1960,2100,46,53,3,84
S4,16,bajada,2100,2240,46,53,3,84
S4,17,bajada,2240,2380,46,53,3,84
S4,18,bajada,2380,2520,46,53,3,84
S4,19,bajada,2520,2660,46,53,3,84
S4,20,bajada,2660,2800,46,53,3,84
S4,21,bajada,2800,2940,46,53,3,84
S4,22,bajada,2940,3080,46,53,3,84
S4,23,bajada,3080,3220,46,53,3,84
S4,24,bajada,3220,3360,46,53,3,84
S4,25,bajada,3360,3500,46,53,3,84
S4,26,bajada,3500,3640,46,53,3,84
S4,27,bajada,3640,3780,46,53,3,84
S4,28,bajada,3780,3920,46,53,3,84
S4,29,bajada,3920,4060,46,53,3,84
S4,30,bajada,4060,4200,46,53,3,84
S4,31,bajada,4200,4340,46,53,3,84
S4,32,bajada,4340,4480,46,53,3,84
S4,33,bajada,4480,4620,46,53,3,84
S4,34,bajada,4620,4760,46,53,3,84
S4,35,bajada,4760,4900,46,53,3,84
S4,36,bajada,4900,5040,46,53,3,84
S4,37,bajada,5040,5180,46,53,3,84
S4,38,bajada,5180,5320,46,53,3,84
S4,39,bajada,5320,5460,46,53,3,84
S4,40,bajada,5460,5600,46,53,3,84
S4,41,bajada,5600,5740,46,53,3,84
S4,42,bajada,5740,5880,46,53,3,84
S4,43,bajada,5880,6020,46,53,3,84
S4,44,bajada,6020,6160,46,53,3,84
S5,1,subida,0,140,91,43,3,94
S5,2,subida,140,280,91,43,3,94
S5,3,subida,280,420,91,43,3,94
S5,4,subida,420,560,91,43,3,94
S5,5,subida,560,700,91,43,3,94
S5,6,subida,700,840,91,43,3,94
S5,7,subida,840,980,91,43,3,94
S5,8,subida,980,1120,91,43,3,94
S5,9,subida,1120,1260,91,43,3,94
S5,10,subida,1260,1400,91,43,3,94
S5,11,transicion,1400,1540,99,51,3,86
S5,12,transicion,1540,1680,107,51,3,86
S5,13,transicion,1680,1820,115,51,3,86
S5,14,transicion,1820,1960,123,51,3,86
S5,15,bajada,1960,2100,123,43,3,94
S5,16,bajada,2100,2240,123,43,3,94
S5,17,bajada,2240,2380,123,43,3,94
S5,18,bajada,2380,2520,123,43,3,94
S5,19,bajada,2520,2660,123,43,3,94
S5,20,bajada,2660,2800,123,43,3,94
S5,21,bajada,2800,2940,123,43,3,94
S5,22,bajada,2940,3080,123,43,3,94
S5,23,bajada,3080,3220,123,43,3,94
S5,24,bajada,3220,3360,123,43,3,94
S5,25,bajada,3360,3500,123,43,3,94
S5,26,bajada,3500,3640,123,43,3,94
S5,27,bajada,3640,3780,123,43,3,94
S5,28,bajada,3780,3920,123,43,3,94
S5,29,bajada,3920,4060,123,43,3,94
S5,30,bajada,4060,4200,123,43,3,94
S5,31,bajada,4200,4340,123,43,3,94
S5,32,bajada,4340,4480,123,43,3,94
S5,33,bajada,4480,4620,123,43,3,94
S5,34,bajada,4620,4760,123,43,3,94
S5,35,bajada,4760,4900,123,43,3,94
S5,36,bajada,4900,5040,123,43,3,94
S5,37,bajada,5040,5180,123,43,3,94
S5,38,bajada,5180,5320,123,43,3,94
S5,39,bajada,5320,5460,123,43,3,94
S5,40,bajada,5460,5600,123,43,3,94
S5,41,bajada,5600,5740,123,43,3,94
S5,42,bajada,5740,5880,123,43,3,94
S5,43,bajada,5880,6020,123,43,3,94
S5,44,bajada,6020,6160,123,43,3,94
S6,1,subida,0,140,113,65,3,72
S6,2,subida,140,280,113,65,3,72
S6,3,subida,280,420,113,65,3,72
S6,4,subida,420,560,113,65,3,72
S6,5,subida,560,700,113,65,3,72
S6,6,subida,700,840,113,65,3,72
S6,7,subida,840,980,113,65,3,72
S6,8,subida,980,1120,113,65,3,72
S6,9,subida,1120,1260,113,65,3,72
S6,10,subida,1260,1400,113,65,3,72
S6,11,transicion,1400,1540,104,56,3,81
S6,12,transicion,1540,1680,95,56,3,81
S6,13,transicion,1680,1820,87,57,3,80
S6,14,transicion,1820,1960,79,57,3,80
S6,15,bajada,1960,2100,79,65,3,72
S6,16,bajada,2100,2240,79,65,3,72
S6,17,bajada,2240,2380,79,65,3,72
S6,18,bajada,2380,2520,79,65,3,72
S6,19,bajada,2520,2660,79,65,3,72
S6,20,bajada,2660,2800,79,65,3,72
S6,21,bajada,2800,2940,79,65,3,72
S6,22,bajada,2940,3080,79,65,3,72
S6,23,bajada,3080,3220,79,65,3,72
S6,24,bajada,3220,3360,79,65,3,72
S6,25,bajada,3360,3500,79,65,3,72
S6,26,bajada,3500,3640,79,65,3,72
S6,27,bajada,3640,3780,79,65,3,72
S6,28,bajada,3780,3920,79,65,3,72
S6,29,bajada,3920,4060,79,65,3,72
S6,30,bajada,4060,4200,79,65,3,72
S6,31,bajada,4200,4340,79,65,3,72
S6,32,bajada,4340,4480,79,65,3,72
S6,33,bajada,4480,4620,79,65,3,72
S6,34,bajada,4620,4760,79,65,3,72
S6,35,bajada,4760,4900,79,65,3,72
S6,36,bajada,4900,5040,79,65,3,72
S6,37,bajada,5040,5180,79,65,3,72
S6,38,bajada,5180,5320,79,65,3,72
S6,39,bajada,5320,5460,79,65,3,72
S6,40,bajada,5460,5600,79,65,3,72
S6,41,bajada,5600,5740,79,65,3,72
S6,42,bajada,5740,5880,79,65,3,72
S6,43,bajada,5880,6020,79,65,3,72
S6,44,bajada,6020,6160,79,65,3,72
